iter,lr,grad_similarity,train_loss,homology_layer_0,homology_layer_1,homology_layer_2,homology_layer_3,homology_layer_4,homology_layer_5,avg_homology_score,val_loss,perplexity
0,0.0,-0.053520914167165756,15.67614459991455,1.000000082240371e-09,1.000000082240371e-09,1.000000082240371e-09,1.000000082240371e-09,-20.72326583694641,-20.72326583694641,-6.90775527831547,tensor(4.1386),62.71219984365393
100,2.5e-05,0.08323757350444794,14.504583358764648,1.000000082240371e-09,1.000000082240371e-09,1.000000082240371e-09,1.000000082240371e-09,-20.72326583694641,1.000000082240371e-09,-3.453877638657735,,
200,5e-05,-0.18240681290626526,3.027846097946167,1.000000082240371e-09,-20.72326583694641,1.000000082240371e-09,-20.72326583694641,-20.72326583694641,-20.72326583694641,-13.815510557630938,,
300,7.5e-05,-0.10297343879938126,13.548928260803223,1.000000082240371e-09,-20.72326583694641,1.000000082240371e-09,-20.72326583694641,-20.72326583694641,-20.72326583694641,-13.815510557630938,,
400,0.0001,0.0032312506809830666,2.3678336143493652,1.000000082240371e-09,-20.72326583694641,1.000000082240371e-09,1.000000082240371e-09,1.000000082240371e-09,1.000000082240371e-09,-3.453877638657735,,
500,0.000125,-0.13197177648544312,0.4253293573856354,1.000000082240371e-09,-20.72326583694641,1.000000082240371e-09,1.000000082240371e-09,-20.72326583694641,1.000000082240371e-09,-6.907755278315471,,
600,0.00015,-0.002046438865363598,0.13744038343429565,1.000000082240371e-09,1.000000082240371e-09,1.000000082240371e-09,-20.72326583694641,1.000000082240371e-09,1.000000082240371e-09,-3.453877638657735,,
700,0.00017500000000000003,0.059474579989910126,0.0926886796951294,1.000000082240371e-09,1.000000082240371e-09,1.000000082240371e-09,-20.72326583694641,1.000000082240371e-09,1.000000082240371e-09,-3.453877638657735,,
800,0.0002,0.08412159234285355,0.0711708515882492,1.000000082240371e-09,1.000000082240371e-09,1.000000082240371e-09,-20.72326583694641,1.000000082240371e-09,1.000000082240371e-09,-3.453877638657735,,
900,0.000225,0.08634000271558762,0.06617280840873718,1.000000082240371e-09,-20.72326583694641,1.000000082240371e-09,-20.72326583694641,1.000000082240371e-09,1.000000082240371e-09,-6.907755278315471,,
1000,0.00025,0.10997235029935837,0.061963196843862534,1.000000082240371e-09,-20.72326583694641,1.000000082240371e-09,-20.72326583694641,1.000000082240371e-09,1.000000082240371e-09,-6.907755278315471,tensor(0.0436),1.0445801436401967
1100,0.000275,0.1032591164112091,0.07682621479034424,1.000000082240371e-09,-20.72326583694641,1.000000082240371e-09,1.000000082240371e-09,1.000000082240371e-09,1.000000082240371e-09,-3.453877638657735,,
1200,0.0003,-0.2256176769733429,0.07277754694223404,1.000000082240371e-09,-20.72326583694641,1.000000082240371e-09,1.000000082240371e-09,1.000000082240371e-09,1.000000082240371e-09,-3.453877638657735,,
1300,0.000325,-0.22234155237674713,0.04581470042467117,-20.72326583694641,-20.72326583694641,1.000000082240371e-09,1.000000082240371e-09,1.000000082240371e-09,1.000000082240371e-09,-6.907755278315473,,
1400,0.00035000000000000005,-0.10104560106992722,0.046164292842149734,-20.72326583694641,-20.72326583694641,1.000000082240371e-09,-20.72326583694641,1.000000082240371e-09,1.000000082240371e-09,-10.361632917973207,,
1500,0.000375,-0.032796986401081085,0.054689109325408936,-20.72326583694641,-20.72326583694641,1.000000082240371e-09,-20.72326583694641,1.000000082240371e-09,1.000000082240371e-09,-10.361632917973207,,
1600,0.0004,0.02739030309021473,0.0464257188141346,-20.72326583694641,-20.72326583694641,1.000000082240371e-09,-20.72326583694641,1.000000082240371e-09,1.000000082240371e-09,-10.361632917973207,,
1700,0.000425,0.14404602348804474,0.04856526106595993,-20.72326583694641,-20.72326583694641,1.000000082240371e-09,-20.72326583694641,1.000000082240371e-09,1.000000082240371e-09,-10.361632917973207,,
1800,0.00045,-0.0011370570864528418,0.04280465468764305,-20.72326583694641,-20.72326583694641,1.000000082240371e-09,1.000000082240371e-09,1.000000082240371e-09,1.000000082240371e-09,-6.907755278315473,,
1900,0.00047500000000000005,-0.02767867036163807,0.04378903657197952,-20.72326583694641,-20.72326583694641,1.000000082240371e-09,-20.72326583694641,1.000000082240371e-09,1.000000082240371e-09,-10.361632917973207,,
2000,0.0005,3.652484156191349e-05,0.0390176847577095,-20.72326583694641,-20.72326583694641,1.000000082240371e-09,1.000000082240371e-09,1.000000082240371e-09,1.000000082240371e-09,-6.907755278315473,tensor(0.0382),1.0389418120264355
2100,0.0004999858377698076,0.09301142394542694,0.040099095553159714,-20.72326583694641,-20.72326583694641,1.000000082240371e-09,1.000000082240371e-09,1.000000082240371e-09,1.000000082240371e-09,-6.907755278315473,,
2200,0.000499943352862064,0.025122908875346184,0.03648686036467552,-20.72326583694641,-20.72326583694641,1.000000082240371e-09,1.000000082240371e-09,1.000000082240371e-09,1.000000082240371e-09,-6.907755278315473,,
2300,0.000499872550625045,-0.02410338819026947,0.03938737139105797,-20.72326583694641,-20.72326583694641,1.000000082240371e-09,1.000000082240371e-09,1.000000082240371e-09,1.000000082240371e-09,-6.907755278315473,,
2400,0.0004997734399717958,0.027750642970204353,0.04436579719185829,-20.72326583694641,-20.72326583694641,1.000000082240371e-09,1.000000082240371e-09,1.000000082240371e-09,1.000000082240371e-09,-6.907755278315473,,
2500,0.0004996460333790087,-0.03940949961543083,0.045095138251781464,-20.72326583694641,-20.72326583694641,1.000000082240371e-09,-20.72326583694641,1.000000082240371e-09,1.000000082240371e-09,-10.361632917973207,,
2600,0.0004994903468854525,0.1396598517894745,0.039528608322143555,-20.72326583694641,-20.72326583694641,1.000000082240371e-09,-20.72326583694641,1.000000082240371e-09,1.000000082240371e-09,-10.361632917973207,,
2700,0.0004993064000899538,-0.1251973807811737,0.04223146662116051,-20.72326583694641,-20.72326583694641,1.000000082240371e-09,-20.72326583694641,1.000000082240371e-09,1.000000082240371e-09,-10.361632917973207,,
2800,0.0004990942161489288,0.173618882894516,0.0420917384326458,-20.72326583694641,-20.72326583694641,1.000000082240371e-09,-20.72326583694641,1.000000082240371e-09,1.000000082240371e-09,-10.361632917973207,,
2900,0.0004988538217734692,-0.11758340895175934,0.05541309714317322,-20.72326583694641,-20.72326583694641,1.000000082240371e-09,-20.72326583694641,1.000000082240371e-09,1.000000082240371e-09,-10.361632917973207,,
3000,0.0004985852472259796,-0.07426171749830246,0.047965157777071,-20.72326583694641,-20.72326583694641,1.000000082240371e-09,1.000000082240371e-09,1.000000082240371e-09,1.000000082240371e-09,-6.907755278315473,tensor(0.0362),1.0368218904385358
3100,0.000498288526316367,-0.21786218881607056,0.05401823669672012,-20.72326583694641,-20.72326583694641,1.000000082240371e-09,1.000000082240371e-09,1.000000082240371e-09,1.000000082240371e-09,-6.907755278315473,,
3200,0.0004979636963977853,0.3251591622829437,0.056217119097709656,-20.72326583694641,-20.72326583694641,1.000000082240371e-09,1.000000082240371e-09,1.000000082240371e-09,1.000000082240371e-09,-6.907755278315473,,
3300,0.0004976107983619332,-0.24783873558044434,0.04876936972141266,-20.72326583694641,-20.72326583694641,1.000000082240371e-09,1.000000082240371e-09,1.000000082240371e-09,1.000000082240371e-09,-6.907755278315473,,
3400,0.000497229876633906,-0.16899192333221436,0.04506213217973709,-20.72326583694641,-20.72326583694641,1.000000082240371e-09,1.000000082240371e-09,1.000000082240371e-09,1.000000082240371e-09,-6.907755278315473,,
3500,0.0004968209791666031,0.21951182186603546,0.04506511613726616,-20.72326583694641,-20.72326583694641,1.000000082240371e-09,1.000000082240371e-09,1.000000082240371e-09,1.000000082240371e-09,-6.907755278315473,,
3600,0.0004963841574346917,-0.27837589383125305,0.044887252151966095,-20.72326583694641,-20.72326583694641,1.000000082240371e-09,1.000000082240371e-09,1.000000082240371e-09,1.000000082240371e-09,-6.907755278315473,,
3700,0.0004959194664281266,-0.08397174626588821,0.04447658360004425,-20.72326583694641,-20.72326583694641,1.000000082240371e-09,1.000000082240371e-09,1.000000082240371e-09,1.000000082240371e-09,-6.907755278315473,,
3800,0.0004954269646452279,-0.0970204770565033,0.040159329771995544,-20.72326583694641,-20.72326583694641,1.000000082240371e-09,1.000000082240371e-09,1.000000082240371e-09,1.000000082240371e-09,-6.907755278315473,,
3900,0.0004949067140853168,0.008092919364571571,0.03400620073080063,-20.72326583694641,-20.72326583694641,1.000000082240371e-09,1.000000082240371e-09,1.000000082240371e-09,1.000000082240371e-09,-6.907755278315473,,
4000,0.0004943587802409103,0.06581586599349976,0.04001157730817795,-20.72326583694641,-20.72326583694641,1.000000082240371e-09,1.000000082240371e-09,1.000000082240371e-09,1.000000082240371e-09,-6.907755278315473,tensor(0.0347),1.0352982460391682
4100,0.0004937832320894772,-0.012349716387689114,11.578994750976562,-20.72326583694641,-20.72326583694641,1.000000082240371e-09,-20.72326583694641,1.000000082240371e-09,1.000000082240371e-09,-10.361632917973207,,
4200,0.0004931801420847545,0.08064056932926178,0.047840241342782974,-20.72326583694641,-20.72326583694641,1.000000082240371e-09,1.000000082240371e-09,1.000000082240371e-09,1.000000082240371e-09,-6.907755278315473,,
4300,0.0004925495861476264,-0.10331007093191147,0.05059715360403061,-20.72326583694641,-20.72326583694641,1.000000082240371e-09,1.000000082240371e-09,1.000000082240371e-09,1.000000082240371e-09,-6.907755278315473,,
4400,0.000491891643656567,0.11314522475004196,0.047932740300893784,-20.72326583694641,-20.72326583694641,1.000000082240371e-09,1.000000082240371e-09,1.000000082240371e-09,1.000000082240371e-09,-6.907755278315473,,
4500,0.0004912063974376475,-0.2394118458032608,0.049432963132858276,-20.72326583694641,-20.72326583694641,1.000000082240371e-09,1.000000082240371e-09,1.000000082240371e-09,1.000000082240371e-09,-6.907755278315473,,
4600,0.0004904939337541093,-0.1003517135977745,0.04731465503573418,-20.72326583694641,-20.72326583694641,1.000000082240371e-09,1.000000082240371e-09,1.000000082240371e-09,1.000000082240371e-09,-6.907755278315473,,
4700,0.0004897543422955056,-0.0683804303407669,0.047587789595127106,-20.72326583694641,-20.72326583694641,1.000000082240371e-09,1.000000082240371e-09,1.000000082240371e-09,1.000000082240371e-09,-6.907755278315473,,
4800,0.0004889877161664096,-0.24215273559093475,0.04802840203046799,-20.72326583694641,1.000000082240371e-09,1.000000082240371e-09,1.000000082240371e-09,1.000000082240371e-09,1.000000082240371e-09,-3.453877638657735,,
4900,0.00048819415187469404,0.22862690687179565,0.04722706601023674,-20.72326583694641,-20.72326583694641,1.000000082240371e-09,1.000000082240371e-09,1.000000082240371e-09,1.000000082240371e-09,-6.907755278315473,,
5000,0.00048737374931938273,0.010152995586395264,0.05224860459566116,-20.72326583694641,1.000000082240371e-09,1.000000082240371e-09,1.000000082240371e-09,1.000000082240371e-09,1.000000082240371e-09,-3.453877638657735,tensor(0.0346),1.035165415263288
5100,0.00048652661177807426,0.013426290825009346,0.049291547387838364,-20.72326583694641,1.000000082240371e-09,1.000000082240371e-09,1.000000082240371e-09,1.000000082240371e-09,1.000000082240371e-09,-3.453877638657735,,
5200,0.0004856528458939409,-0.004615671932697296,0.05249466747045517,-20.72326583694641,1.000000082240371e-09,1.000000082240371e-09,1.000000082240371e-09,1.000000082240371e-09,1.000000082240371e-09,-3.453877638657735,,
5300,0.0004847525616623032,-0.008238296955823898,0.04874282702803612,-20.72326583694641,1.000000082240371e-09,1.000000082240371e-09,1.000000082240371e-09,1.000000082240371e-09,1.000000082240371e-09,-3.453877638657735,,
5400,0.0004838258724167838,-0.30559054017066956,0.049119096249341965,-20.72326583694641,-20.72326583694641,1.000000082240371e-09,1.000000082240371e-09,1.000000082240371e-09,1.000000082240371e-09,-6.907755278315473,,
5500,0.0004828728948150395,-0.29485952854156494,0.04661361873149872,-20.72326583694641,1.000000082240371e-09,1.000000082240371e-09,1.000000082240371e-09,1.000000082240371e-09,1.000000082240371e-09,-3.453877638657735,,
5600,0.0004818937488240764,-0.23720134794712067,0.04860980436205864,-20.72326583694641,1.000000082240371e-09,1.000000082240371e-09,1.000000082240371e-09,1.000000082240371e-09,1.000000082240371e-09,-3.453877638657735,,
5700,0.000480888557705147,0.27949637174606323,0.047302987426519394,-20.72326583694641,1.000000082240371e-09,1.000000082240371e-09,1.000000082240371e-09,1.000000082240371e-09,1.000000082240371e-09,-3.453877638657735,,
5800,0.0004798574479982336,-0.1539604365825653,0.046381112188100815,-20.72326583694641,1.000000082240371e-09,1.000000082240371e-09,1.000000082240371e-09,1.000000082240371e-09,1.000000082240371e-09,-3.453877638657735,,
5900,0.00047880054950611865,-0.13778536021709442,0.058905232697725296,-20.72326583694641,-20.72326583694641,1.000000082240371e-09,1.000000082240371e-09,1.000000082240371e-09,1.000000082240371e-09,-6.907755278315473,,
6000,0.0004777179952780443,0.03575976938009262,0.04563028737902641,-20.72326583694641,-20.72326583694641,1.000000082240371e-09,1.000000082240371e-09,1.000000082240371e-09,1.000000082240371e-09,-6.907755278315473,tensor(0.0334),1.0339376258464639
6100,0.0004766099215929632,0.0809025913476944,0.05098588019609451,-20.72326583694641,-20.72326583694641,1.000000082240371e-09,1.000000082240371e-09,1.000000082240371e-09,1.000000082240371e-09,-6.907755278315473,,
6200,0.00047547646794238277,-0.12817460298538208,0.04881943762302399,-20.72326583694641,-20.72326583694641,1.000000082240371e-09,1.000000082240371e-09,1.000000082240371e-09,1.000000082240371e-09,-6.907755278315473,,
6300,0.0004743177770128055,-0.21742123365402222,0.048591248691082,-20.72326583694641,1.000000082240371e-09,1.000000082240371e-09,1.000000082240371e-09,1.000000082240371e-09,1.000000082240371e-09,-3.453877638657735,,
6400,0.00047313399466776605,-0.34190821647644043,0.050956036895513535,-20.72326583694641,-20.72326583694641,1.000000082240371e-09,1.000000082240371e-09,1.000000082240371e-09,1.000000082240371e-09,-6.907755278315473,,
6500,0.0004719252699294696,0.11884790658950806,0.0676746517419815,-20.72326583694641,1.000000082240371e-09,1.000000082240371e-09,1.000000082240371e-09,1.000000082240371e-09,1.000000082240371e-09,-3.453877638657735,,
6600,0.00047069175496003147,-0.01233860943466425,0.08895944058895111,-20.72326583694641,1.000000082240371e-09,1.000000082240371e-09,1.000000082240371e-09,1.000000082240371e-09,1.000000082240371e-09,-3.453877638657735,,
6700,0.00046943360504232234,-0.003835064824670553,0.13010823726654053,-20.72326583694641,1.000000082240371e-09,1.000000082240371e-09,1.000000082240371e-09,1.000000082240371e-09,1.000000082240371e-09,-3.453877638657735,,
6800,0.0004681509785604199,-0.02299307845532894,0.12270180881023407,-20.72326583694641,1.000000082240371e-09,1.000000082240371e-09,1.000000082240371e-09,1.000000082240371e-09,1.000000082240371e-09,-3.453877638657735,,
6900,0.00046684403697967074,0.07058464735746384,0.134469136595726,1.000000082240371e-09,1.000000082240371e-09,1.000000082240371e-09,1.000000082240371e-09,1.000000082240371e-09,1.000000082240371e-09,1.000000082240371e-09,,
7000,0.0004655129448263639,0.11817329376935959,0.13262920081615448,1.000000082240371e-09,1.000000082240371e-09,1.000000082240371e-09,1.000000082240371e-09,1.000000082240371e-09,1.000000082240371e-09,1.000000082240371e-09,tensor(0.0334),1.0339876223523583
7100,0.0004641578696670193,0.03554058447480202,0.1316690742969513,1.000000082240371e-09,1.000000082240371e-09,1.000000082240371e-09,1.000000082240371e-09,1.000000082240371e-09,1.000000082240371e-09,1.000000082240371e-09,,
7200,0.0004627789820872931,0.12095571309328079,0.13222648203372955,1.000000082240371e-09,1.000000082240371e-09,1.000000082240371e-09,1.000000082240371e-09,1.000000082240371e-09,1.000000082240371e-09,1.000000082240371e-09,,
7300,0.0004613764556705037,0.07309070974588394,0.09879574179649353,1.000000082240371e-09,1.000000082240371e-09,1.000000082240371e-09,1.000000082240371e-09,1.000000082240371e-09,1.000000082240371e-09,1.000000082240371e-09,,
7400,0.00045995046697577975,-0.03999917581677437,0.09457051008939743,1.000000082240371e-09,1.000000082240371e-09,1.000000082240371e-09,1.000000082240371e-09,1.000000082240371e-09,1.000000082240371e-09,1.000000082240371e-09,,
7500,0.00045850119551583355,-0.23602698743343353,0.09602534770965576,1.000000082240371e-09,1.000000082240371e-09,1.000000082240371e-09,1.000000082240371e-09,1.000000082240371e-09,1.000000082240371e-09,1.000000082240371e-09,,
7600,0.00045702882373436317,0.13498054444789886,0.09740660339593887,1.000000082240371e-09,1.000000082240371e-09,1.000000082240371e-09,1.000000082240371e-09,1.000000082240371e-09,1.000000082240371e-09,1.000000082240371e-09,,
7700,0.00045553353698308505,-0.2489023059606552,0.1313738226890564,1.000000082240371e-09,1.000000082240371e-09,1.000000082240371e-09,1.000000082240371e-09,1.000000082240371e-09,1.000000082240371e-09,1.000000082240371e-09,,
7800,0.00045401552349840077,-0.23034289479255676,0.12934312224388123,1.000000082240371e-09,1.000000082240371e-09,1.000000082240371e-09,1.000000082240371e-09,1.000000082240371e-09,1.000000082240371e-09,1.000000082240371e-09,,
7900,0.00045247497437770056,-0.13671444356441498,0.12471329420804977,1.000000082240371e-09,1.000000082240371e-09,1.000000082240371e-09,1.000000082240371e-09,1.000000082240371e-09,1.000000082240371e-09,1.000000082240371e-09,,
8000,0.00045091208355530675,-0.04408596083521843,0.12417256832122803,1.000000082240371e-09,1.000000082240371e-09,1.000000082240371e-09,1.000000082240371e-09,1.000000082240371e-09,1.000000082240371e-09,1.000000082240371e-09,tensor(0.0319),1.0324353042993712
8100,0.0004493270477780602,-0.12503041326999664,0.1285179704427719,1.000000082240371e-09,1.000000082240371e-09,1.000000082240371e-09,1.000000082240371e-09,1.000000082240371e-09,1.000000082240371e-09,1.000000082240371e-09,,
8200,0.0004477200665805525,0.017620349302887917,0.1265670359134674,1.000000082240371e-09,1.000000082240371e-09,1.000000082240371e-09,1.000000082240371e-09,1.000000082240371e-09,1.000000082240371e-09,1.000000082240371e-09,,
8300,0.000446091342260007,-0.05620564892888069,0.0827200636267662,1.000000082240371e-09,1.000000082240371e-09,1.000000082240371e-09,1.000000082240371e-09,1.000000082240371e-09,1.000000082240371e-09,1.000000082240371e-09,,
8400,0.0004444410798508125,0.26589253544807434,0.06838756054639816,1.000000082240371e-09,-20.72326583694641,1.000000082240371e-09,1.000000082240371e-09,1.000000082240371e-09,1.000000082240371e-09,-3.453877638657735,,
8500,0.00044276948709871225,-0.029207304120063782,0.06623800098896027,1.000000082240371e-09,-20.72326583694641,1.000000082240371e-09,1.000000082240371e-09,1.000000082240371e-09,1.000000082240371e-09,-3.453877638657735,,
8600,0.0004410767744346517,-0.15707853436470032,0.06521300226449966,1.000000082240371e-09,-20.72326583694641,1.000000082240371e-09,1.000000082240371e-09,1.000000082240371e-09,1.000000082240371e-09,-3.453877638657735,,
8700,0.00043936315494828745,0.2277185171842575,0.060290031135082245,1.000000082240371e-09,-20.72326583694641,1.000000082240371e-09,1.000000082240371e-09,1.000000082240371e-09,1.000000082240371e-09,-3.453877638657735,,
8800,0.0004376288443611631,-0.01307335589081049,0.06608428061008453,1.000000082240371e-09,-20.72326583694641,1.000000082240371e-09,1.000000082240371e-09,1.000000082240371e-09,1.000000082240371e-09,-3.453877638657735,,
8900,0.000435874060999552,0.05658302456140518,0.07015033811330795,1.000000082240371e-09,-20.72326583694641,1.000000082240371e-09,1.000000082240371e-09,1.000000082240371e-09,1.000000082240371e-09,-3.453877638657735,,
9000,0.0004340990257669732,0.0749329924583435,0.06124292314052582,1.000000082240371e-09,-20.72326583694641,1.000000082240371e-09,1.000000082240371e-09,1.000000082240371e-09,1.000000082240371e-09,-3.453877638657735,tensor(0.0314),1.0319049143146566
9100,0.0004323039621163829,0.016647949814796448,0.07235809415578842,1.000000082240371e-09,-20.72326583694641,1.000000082240371e-09,1.000000082240371e-09,1.000000082240371e-09,1.000000082240371e-09,-3.453877638657735,,
9200,0.0004304890960220446,0.10161427408456802,0.0651303082704544,1.000000082240371e-09,-20.72326583694641,1.000000082240371e-09,1.000000082240371e-09,1.000000082240371e-09,1.000000082240371e-09,-3.453877638657735,,
9300,0.0004286546559510816,0.1378590315580368,0.07082627713680267,1.000000082240371e-09,-20.72326583694641,1.000000082240371e-09,1.000000082240371e-09,1.000000082240371e-09,1.000000082240371e-09,-3.453877638657735,,
9400,0.0004268008728347168,0.15887311100959778,0.07518064230680466,1.000000082240371e-09,-20.72326583694641,1.000000082240371e-09,1.000000082240371e-09,1.000000082240371e-09,1.000000082240371e-09,-3.453877638657735,,
9500,0.0004249279800392009,0.22471079230308533,0.0623319186270237,1.000000082240371e-09,-20.72326583694641,1.000000082240371e-09,1.000000082240371e-09,1.000000082240371e-09,1.000000082240371e-09,-3.453877638657735,,
9600,0.0004230362133364354,0.18740595877170563,0.061196498572826385,1.000000082240371e-09,-20.72326583694641,1.000000082240371e-09,1.000000082240371e-09,1.000000082240371e-09,1.000000082240371e-09,-3.453877638657735,,
9700,0.0004211258108742913,0.13497598469257355,0.08899539709091187,1.000000082240371e-09,-20.72326583694641,1.000000082240371e-09,1.000000082240371e-09,1.000000082240371e-09,1.000000082240371e-09,-3.453877638657735,,
9800,0.00041919701314663044,0.0226857028901577,0.08740919828414917,1.000000082240371e-09,-20.72326583694641,1.000000082240371e-09,1.000000082240371e-09,1.000000082240371e-09,1.000000082240371e-09,-3.453877638657735,,
9900,0.00041725006296302973,0.027450159192085266,0.0780726969242096,1.000000082240371e-09,-20.72326583694641,1.000000082240371e-09,1.000000082240371e-09,1.000000082240371e-09,1.000000082240371e-09,-3.453877638657735,,
10000,0.0004152852054182151,-0.1901348978281021,0.08345605432987213,1.000000082240371e-09,-20.72326583694641,1.000000082240371e-09,1.000000082240371e-09,1.000000082240371e-09,1.000000082240371e-09,-3.453877638657735,tensor(0.0320),1.0325114487689975
10100,0.0004133026878612074,0.05104155093431473,0.08467994630336761,1.000000082240371e-09,-20.72326583694641,1.000000082240371e-09,1.000000082240371e-09,1.000000082240371e-09,1.000000082240371e-09,-3.453877638657735,,
10200,0.0004113027598641845,0.014238525182008743,0.06121169403195381,1.000000082240371e-09,-20.72326583694641,1.000000082240371e-09,1.000000082240371e-09,1.000000082240371e-09,1.000000082240371e-09,-3.453877638657735,,
10300,0.00040928567319106334,0.10768452286720276,0.06007780879735947,1.000000082240371e-09,-20.72326583694641,1.000000082240371e-09,1.000000082240371e-09,1.000000082240371e-09,1.000000082240371e-09,-3.453877638657735,,
10400,0.0004072516817658065,-0.324324369430542,0.08657147735357285,1.000000082240371e-09,1.000000082240371e-09,1.000000082240371e-09,1.000000082240371e-09,1.000000082240371e-09,1.000000082240371e-09,1.000000082240371e-09,,
10500,0.0004052010416404563,0.016881104558706284,0.059822164475917816,1.000000082240371e-09,-20.72326583694641,1.000000082240371e-09,1.000000082240371e-09,1.000000082240371e-09,1.000000082240371e-09,-3.453877638657735,,
10600,0.0004031340109629017,-0.1897762417793274,0.12803217768669128,1.000000082240371e-09,1.000000082240371e-09,1.000000082240371e-09,1.000000082240371e-09,1.000000082240371e-09,1.000000082240371e-09,1.000000082240371e-09,,
10700,0.00040105084994438063,-0.2985038459300995,0.1297578066587448,1.000000082240371e-09,1.000000082240371e-09,1.000000082240371e-09,1.000000082240371e-09,1.000000082240371e-09,1.000000082240371e-09,1.000000082240371e-09,,
10800,0.0003989518208267231,-0.03400552645325661,0.090232715010643,1.000000082240371e-09,1.000000082240371e-09,1.000000082240371e-09,1.000000082240371e-09,1.000000082240371e-09,1.000000082240371e-09,1.000000082240371e-09,,
10900,0.00039683718784933833,-0.049433786422014236,0.09409619122743607,1.000000082240371e-09,-20.72326583694641,1.000000082240371e-09,1.000000082240371e-09,1.000000082240371e-09,1.000000082240371e-09,-3.453877638657735,,
11000,0.00039470721721595074,0.024162333458662033,0.06634078919887543,1.000000082240371e-09,-20.72326583694641,1.000000082240371e-09,1.000000082240371e-09,1.000000082240371e-09,1.000000082240371e-09,-3.453877638657735,tensor(0.0311),1.0315943406607977
11100,0.0003925621770610885,-0.01227528229355812,0.06255365163087845,1.000000082240371e-09,-20.72326583694641,1.000000082240371e-09,1.000000082240371e-09,1.000000082240371e-09,1.000000082240371e-09,-3.453877638657735,,
11200,0.0003904023374163289,-0.006183838937431574,0.06470178067684174,1.000000082240371e-09,1.000000082240371e-09,1.000000082240371e-09,1.000000082240371e-09,1.000000082240371e-09,1.000000082240371e-09,1.000000082240371e-09,,
11300,0.00038822797017630506,0.08548518270254135,0.09677401185035706,1.000000082240371e-09,1.000000082240371e-09,1.000000082240371e-09,1.000000082240371e-09,1.000000082240371e-09,1.000000082240371e-09,1.000000082240371e-09,,
11400,0.0003860393490644781,-0.02633431740105152,0.09334897994995117,1.000000082240371e-09,1.000000082240371e-09,1.000000082240371e-09,1.000000082240371e-09,1.000000082240371e-09,1.000000082240371e-09,1.000000082240371e-09,,
11500,0.00038383674959867895,0.12511616945266724,0.04198072478175163,1.000000082240371e-09,-20.72326583694641,1.000000082240371e-09,1.000000082240371e-09,1.000000082240371e-09,1.000000082240371e-09,-3.453877638657735,,
11600,0.0003816204490564247,0.1587931364774704,0.09997305274009705,1.000000082240371e-09,1.000000082240371e-09,1.000000082240371e-09,1.000000082240371e-09,1.000000082240371e-09,1.000000082240371e-09,1.000000082240371e-09,,
11700,0.0003793907264400127,-0.04692109674215317,0.09569964557886124,1.000000082240371e-09,1.000000082240371e-09,1.000000082240371e-09,1.000000082240371e-09,1.000000082240371e-09,1.000000082240371e-09,1.000000082240371e-09,,
11800,0.000377147862441398,-0.050442688167095184,0.059715453535318375,1.000000082240371e-09,1.000000082240371e-09,1.000000082240371e-09,1.000000082240371e-09,1.000000082240371e-09,1.000000082240371e-09,1.000000082240371e-09,,
11900,0.0003748921394068585,0.11299577355384827,0.08044658601284027,1.000000082240371e-09,1.000000082240371e-09,1.000000082240371e-09,1.000000082240371e-09,1.000000082240371e-09,1.000000082240371e-09,1.000000082240371e-09,,
12000,0.0003726238413014506,0.0696142241358757,0.058676790446043015,1.000000082240371e-09,-20.72326583694641,1.000000082240371e-09,1.000000082240371e-09,1.000000082240371e-09,1.000000082240371e-09,-3.453877638657735,tensor(0.0312),1.031651058964103
12100,0.0003703432536732625,0.16945768892765045,0.0820283591747284,1.000000082240371e-09,1.000000082240371e-09,1.000000082240371e-09,1.000000082240371e-09,1.000000082240371e-09,1.000000082240371e-09,1.000000082240371e-09,,
12200,0.00036805066361746716,-0.10179823637008667,0.08689473569393158,1.000000082240371e-09,1.000000082240371e-09,1.000000082240371e-09,1.000000082240371e-09,1.000000082240371e-09,1.000000082240371e-09,1.000000082240371e-09,,
12300,0.0003657463597401812,0.17303384840488434,0.08674114942550659,1.000000082240371e-09,1.000000082240371e-09,1.000000082240371e-09,1.000000082240371e-09,1.000000082240371e-09,1.000000082240371e-09,1.000000082240371e-09,,
12400,0.00036343063212213283,-0.11030611395835876,0.08252565562725067,1.000000082240371e-09,1.000000082240371e-09,1.000000082240371e-09,1.000000082240371e-09,1.000000082240371e-09,1.000000082240371e-09,1.000000082240371e-09,,
12500,0.00036110377228214523,-0.10609855502843857,0.06674385070800781,1.000000082240371e-09,1.000000082240371e-09,1.000000082240371e-09,1.000000082240371e-09,1.000000082240371e-09,1.000000082240371e-09,1.000000082240371e-09,,
12600,0.00035876607314043766,-0.08247707784175873,0.0833808183670044,1.000000082240371e-09,1.000000082240371e-09,1.000000082240371e-09,1.000000082240371e-09,1.000000082240371e-09,1.000000082240371e-09,1.000000082240371e-09,,
12700,0.0003564178289817513,-0.16068916022777557,0.08224636316299438,1.000000082240371e-09,1.000000082240371e-09,1.000000082240371e-09,1.000000082240371e-09,1.000000082240371e-09,1.000000082240371e-09,1.000000082240371e-09,,
12800,0.0003540593354183021,-0.062411583960056305,0.08034257590770721,1.000000082240371e-09,1.000000082240371e-09,1.000000082240371e-09,1.000000082240371e-09,1.000000082240371e-09,1.000000082240371e-09,1.000000082240371e-09,,
12900,0.00035169088935256814,-0.012475145980715752,0.06392467021942139,1.000000082240371e-09,1.000000082240371e-09,1.000000082240371e-09,1.000000082240371e-09,1.000000082240371e-09,1.000000082240371e-09,1.000000082240371e-09,,
13000,0.00034931278893991265,-0.04113341122865677,0.05758887901902199,1.000000082240371e-09,1.000000082240371e-09,1.000000082240371e-09,1.000000082240371e-09,1.000000082240371e-09,1.000000082240371e-09,1.000000082240371e-09,tensor(0.0300),1.0304813529844663
13100,0.00034692533355105086,0.12769155204296112,0.041437823325395584,1.000000082240371e-09,1.000000082240371e-09,1.000000082240371e-09,1.000000082240371e-09,1.000000082240371e-09,1.000000082240371e-09,1.000000082240371e-09,,
13200,0.0003445288237343632,0.060757096856832504,0.045326098799705505,1.000000082240371e-09,1.000000082240371e-09,1.000000082240371e-09,1.000000082240371e-09,1.000000082240371e-09,1.000000082240371e-09,1.000000082240371e-09,,
13300,0.00034212356117806013,-0.03205721825361252,0.05760882794857025,1.000000082240371e-09,1.000000082240371e-09,1.000000082240371e-09,1.000000082240371e-09,1.000000082240371e-09,1.000000082240371e-09,1.000000082240371e-09,,
13400,0.0003397098486722039,0.07955654710531235,0.09743036329746246,1.000000082240371e-09,1.000000082240371e-09,1.000000082240371e-09,1.000000082240371e-09,1.000000082240371e-09,1.000000082240371e-09,1.000000082240371e-09,,
13500,0.00033728799007059113,-0.08728689700365067,0.057313140481710434,1.000000082240371e-09,1.000000082240371e-09,1.000000082240371e-09,1.000000082240371e-09,1.000000082240371e-09,1.000000082240371e-09,1.000000082240371e-09,,
13600,0.0003348582902525019,-0.1197918951511383,0.060287315398454666,1.000000082240371e-09,1.000000082240371e-09,1.000000082240371e-09,1.000000082240371e-09,1.000000082240371e-09,1.000000082240371e-09,1.000000082240371e-09,,
13700,0.0003324210550843196,-0.028347734361886978,0.066177599132061,1.000000082240371e-09,1.000000082240371e-09,1.000000082240371e-09,1.000000082240371e-09,1.000000082240371e-09,1.000000082240371e-09,1.000000082240371e-09,,
13800,0.0003299765913810262,-0.0829830914735794,0.04071471467614174,1.000000082240371e-09,1.000000082240371e-09,1.000000082240371e-09,1.000000082240371e-09,1.000000082240371e-09,1.000000082240371e-09,1.000000082240371e-09,,
13900,0.00032752520686757874,-0.09309199452400208,0.049193572252988815,1.000000082240371e-09,1.000000082240371e-09,1.000000082240371e-09,1.000000082240371e-09,1.000000082240371e-09,1.000000082240371e-09,1.000000082240371e-09,,
14000,0.00032506721014017074,0.13876017928123474,0.04624966159462929,1.000000082240371e-09,1.000000082240371e-09,1.000000082240371e-09,1.000000082240371e-09,1.000000082240371e-09,1.000000082240371e-09,1.000000082240371e-09,tensor(0.0306),1.0310392493321803
14100,0.00032260291062738417,-0.04642351344227791,0.0592704601585865,1.000000082240371e-09,1.000000082240371e-09,1.000000082240371e-09,1.000000082240371e-09,1.000000082240371e-09,1.000000082240371e-09,1.000000082240371e-09,,
14200,0.0003201326185512364,0.12940962612628937,0.06766211241483688,1.000000082240371e-09,1.000000082240371e-09,1.000000082240371e-09,1.000000082240371e-09,1.000000082240371e-09,1.000000082240371e-09,1.000000082240371e-09,,
14300,0.0003176566448881277,-0.11949178576469421,0.03851708397269249,1.000000082240371e-09,1.000000082240371e-09,1.000000082240371e-09,1.000000082240371e-09,1.000000082240371e-09,1.000000082240371e-09,1.000000082240371e-09,,
14400,0.00031517530132969324,-0.04274894297122955,0.05495704337954521,1.000000082240371e-09,1.000000082240371e-09,1.000000082240371e-09,1.000000082240371e-09,1.000000082240371e-09,1.000000082240371e-09,1.000000082240371e-09,,
14500,0.0003126889002435657,0.06733915209770203,0.05907320976257324,1.000000082240371e-09,1.000000082240371e-09,1.000000082240371e-09,1.000000082240371e-09,1.000000082240371e-09,1.000000082240371e-09,1.000000082240371e-09,,
14600,0.000310197754634052,-0.024283889681100845,11.180492401123047,1.000000082240371e-09,1.000000082240371e-09,1.000000082240371e-09,-20.72326583694641,1.000000082240371e-09,1.000000082240371e-09,-3.453877638657735,,
14700,0.0003077021781027304,0.12695792317390442,0.05752266198396683,1.000000082240371e-09,1.000000082240371e-09,1.000000082240371e-09,1.000000082240371e-09,1.000000082240371e-09,1.000000082240371e-09,1.000000082240371e-09,,
14800,0.0003052024848089725,-0.025082379579544067,0.061986640095710754,1.000000082240371e-09,1.000000082240371e-09,1.000000082240371e-09,1.000000082240371e-09,1.000000082240371e-09,1.000000082240371e-09,1.000000082240371e-09,,
14900,0.00030269898943039467,-0.04286660999059677,11.178291320800781,1.000000082240371e-09,1.000000082240371e-09,-20.72326583694641,1.000000082240371e-09,1.000000082240371e-09,1.000000082240371e-09,-3.453877638657735,,
15000,0.0003001920071232443,-0.0007468886324204504,0.060326557606458664,1.000000082240371e-09,1.000000082240371e-09,1.000000082240371e-09,1.000000082240371e-09,1.000000082240371e-09,1.000000082240371e-09,1.000000082240371e-09,tensor(0.0300),1.0304204419563388
15100,0.000297681853482726,-0.009232217445969582,0.06479699164628983,1.000000082240371e-09,1.000000082240371e-09,1.000000082240371e-09,1.000000082240371e-09,1.000000082240371e-09,1.000000082240371e-09,1.000000082240371e-09,,
15200,0.00029516884450327255,-0.013462800532579422,0.06442367285490036,1.000000082240371e-09,1.000000082240371e-09,1.000000082240371e-09,1.000000082240371e-09,1.000000082240371e-09,1.000000082240371e-09,1.000000082240371e-09,,
15300,0.00029265329653876515,-0.052163805812597275,0.04787168651819229,1.000000082240371e-09,1.000000082240371e-09,1.000000082240371e-09,1.000000082240371e-09,1.000000082240371e-09,1.000000082240371e-09,1.000000082240371e-09,,
15400,0.00029013552626270893,-0.011936532333493233,0.03976074606180191,1.000000082240371e-09,1.000000082240371e-09,1.000000082240371e-09,1.000000082240371e-09,1.000000082240371e-09,1.000000082240371e-09,1.000000082240371e-09,,
15500,0.00028761585062836816,0.011047769337892532,0.05729644373059273,1.000000082240371e-09,1.000000082240371e-09,1.000000082240371e-09,1.000000082240371e-09,1.000000082240371e-09,1.000000082240371e-09,1.000000082240371e-09,,
15600,0.0002850945868288659,0.004508167505264282,0.03889784961938858,1.000000082240371e-09,1.000000082240371e-09,1.000000082240371e-09,1.000000082240371e-09,1.000000082240371e-09,1.000000082240371e-09,1.000000082240371e-09,,
15700,0.0002825720522572537,0.006201855838298798,0.046060364693403244,1.000000082240371e-09,1.000000082240371e-09,1.000000082240371e-09,1.000000082240371e-09,1.000000082240371e-09,1.000000082240371e-09,1.000000082240371e-09,,
15800,0.00028004856446655615,-0.046662863343954086,0.04420137405395508,1.000000082240371e-09,1.000000082240371e-09,1.000000082240371e-09,1.000000082240371e-09,1.000000082240371e-09,1.000000082240371e-09,1.000000082240371e-09,,
15900,0.00027752444112979537,-0.00549294101074338,0.04163369536399841,1.000000082240371e-09,1.000000082240371e-09,1.000000082240371e-09,1.000000082240371e-09,1.000000082240371e-09,1.000000082240371e-09,1.000000082240371e-09,,
16000,0.000275,-0.011828143149614334,0.0413406603038311,1.000000082240371e-09,1.000000082240371e-09,1.000000082240371e-09,1.000000082240371e-09,1.000000082240371e-09,1.000000082240371e-09,1.000000082240371e-09,tensor(0.0294),1.0298326508868494
16100,0.00027247555887020467,-0.002169944578781724,0.04112837463617325,1.000000082240371e-09,1.000000082240371e-09,1.000000082240371e-09,1.000000082240371e-09,1.000000082240371e-09,1.000000082240371e-09,1.000000082240371e-09,,
16200,0.00026995143553344394,0.018922775983810425,0.04209711402654648,1.000000082240371e-09,1.000000082240371e-09,1.000000082240371e-09,1.000000082240371e-09,1.000000082240371e-09,1.000000082240371e-09,1.000000082240371e-09,,
16300,0.0002674279477427464,0.01538450550287962,0.06126249581575394,1.000000082240371e-09,1.000000082240371e-09,1.000000082240371e-09,1.000000082240371e-09,1.000000082240371e-09,1.000000082240371e-09,1.000000082240371e-09,,
16400,0.0002649054131711342,0.011519470252096653,0.05430096760392189,1.000000082240371e-09,1.000000082240371e-09,1.000000082240371e-09,1.000000082240371e-09,1.000000082240371e-09,1.000000082240371e-09,1.000000082240371e-09,,
16500,0.0002623841493716318,0.03195150941610336,0.064380943775177,1.000000082240371e-09,1.000000082240371e-09,1.000000082240371e-09,1.000000082240371e-09,1.000000082240371e-09,1.000000082240371e-09,1.000000082240371e-09,,
16600,0.0002598644737372911,-0.0340435616672039,0.05395345389842987,1.000000082240371e-09,1.000000082240371e-09,1.000000082240371e-09,1.000000082240371e-09,1.000000082240371e-09,1.000000082240371e-09,1.000000082240371e-09,,
16700,0.00025734670346123494,0.013395789079368114,0.05585118383169174,1.000000082240371e-09,1.000000082240371e-09,1.000000082240371e-09,1.000000082240371e-09,1.000000082240371e-09,1.000000082240371e-09,1.000000082240371e-09,,
16800,0.0002548311554967275,-0.07033858448266983,0.05919209122657776,1.000000082240371e-09,1.000000082240371e-09,1.000000082240371e-09,1.000000082240371e-09,1.000000082240371e-09,1.000000082240371e-09,1.000000082240371e-09,,
16900,0.000252318146517274,0.05581110343337059,0.059013791382312775,1.000000082240371e-09,1.000000082240371e-09,1.000000082240371e-09,1.000000082240371e-09,1.000000082240371e-09,1.000000082240371e-09,1.000000082240371e-09,,
17000,0.00024980799287675575,0.01345199253410101,0.05839661508798599,1.000000082240371e-09,1.000000082240371e-09,1.000000082240371e-09,1.000000082240371e-09,1.000000082240371e-09,1.000000082240371e-09,1.000000082240371e-09,tensor(0.0290),1.029429091970035
17100,0.00024730101056960537,-0.024996669963002205,0.0629839226603508,1.000000082240371e-09,1.000000082240371e-09,1.000000082240371e-09,1.000000082240371e-09,1.000000082240371e-09,1.000000082240371e-09,1.000000082240371e-09,,
17200,0.0002447975151910276,-0.015941720455884933,0.05760441720485687,1.000000082240371e-09,1.000000082240371e-09,1.000000082240371e-09,1.000000082240371e-09,1.000000082240371e-09,1.000000082240371e-09,1.000000082240371e-09,,
17300,0.00024229782189726969,-0.034928321838378906,0.057652853429317474,1.000000082240371e-09,1.000000082240371e-09,1.000000082240371e-09,1.000000082240371e-09,1.000000082240371e-09,1.000000082240371e-09,1.000000082240371e-09,,
17400,0.000239802245365948,-0.006053145043551922,0.05881207063794136,1.000000082240371e-09,1.000000082240371e-09,1.000000082240371e-09,1.000000082240371e-09,1.000000082240371e-09,1.000000082240371e-09,1.000000082240371e-09,,
17500,0.00023731109975643432,0.004044368863105774,0.0614473894238472,1.000000082240371e-09,1.000000082240371e-09,1.000000082240371e-09,1.000000082240371e-09,1.000000082240371e-09,1.000000082240371e-09,1.000000082240371e-09,,
17600,0.00023482469867030676,-0.03271044045686722,0.055958665907382965,1.000000082240371e-09,1.000000082240371e-09,1.000000082240371e-09,1.000000082240371e-09,1.000000082240371e-09,1.000000082240371e-09,1.000000082240371e-09,,
17700,0.00023234335511187234,0.0018248772248625755,0.05432239919900894,1.000000082240371e-09,1.000000082240371e-09,1.000000082240371e-09,1.000000082240371e-09,1.000000082240371e-09,1.000000082240371e-09,1.000000082240371e-09,,
17800,0.00022986738144876363,0.005988866090774536,0.051693953573703766,1.000000082240371e-09,1.000000082240371e-09,1.000000082240371e-09,1.000000082240371e-09,1.000000082240371e-09,1.000000082240371e-09,1.000000082240371e-09,,
17900,0.00022739708937261587,-0.0030746161937713623,0.0670468881726265,1.000000082240371e-09,1.000000082240371e-09,1.000000082240371e-09,1.000000082240371e-09,1.000000082240371e-09,1.000000082240371e-09,1.000000082240371e-09,,
18000,0.00022493278985982927,0.0060575068928301334,0.042572371661663055,1.000000082240371e-09,1.000000082240371e-09,1.000000082240371e-09,1.000000082240371e-09,-20.72326583694641,1.000000082240371e-09,-3.453877638657735,tensor(0.0287),1.029078085789041
18100,0.00022247479313242135,-0.009050075896084309,0.039313532412052155,1.000000082240371e-09,1.000000082240371e-09,1.000000082240371e-09,1.000000082240371e-09,-20.72326583694641,1.000000082240371e-09,-3.453877638657735,,
18200,0.0002200234086189738,0.0008572884253226221,0.04327907785773277,1.000000082240371e-09,1.000000082240371e-09,1.000000082240371e-09,1.000000082240371e-09,-20.72326583694641,1.000000082240371e-09,-3.453877638657735,,
18300,0.0002175789449156804,0.011144163087010384,0.044858094304800034,1.000000082240371e-09,1.000000082240371e-09,1.000000082240371e-09,1.000000082240371e-09,1.000000082240371e-09,1.000000082240371e-09,1.000000082240371e-09,,
18400,0.0002151417097474981,0.004513718653470278,0.04203714430332184,1.000000082240371e-09,1.000000082240371e-09,1.000000082240371e-09,1.000000082240371e-09,-20.72326583694641,1.000000082240371e-09,-3.453877638657735,,
18500,0.0002127120099294089,-0.004132447764277458,0.03988339379429817,1.000000082240371e-09,1.000000082240371e-09,1.000000082240371e-09,1.000000082240371e-09,-20.72326583694641,1.000000082240371e-09,-3.453877638657735,,
18600,0.00021029015132779613,0.0011538336984813213,0.04137478768825531,1.000000082240371e-09,1.000000082240371e-09,1.000000082240371e-09,1.000000082240371e-09,1.000000082240371e-09,1.000000082240371e-09,1.000000082240371e-09,,
18700,0.00020787643882193987,-0.02721657045185566,0.04373691976070404,1.000000082240371e-09,1.000000082240371e-09,1.000000082240371e-09,1.000000082240371e-09,-20.72326583694641,1.000000082240371e-09,-3.453877638657735,,
18800,0.00020547117626563684,-0.017935190349817276,0.04049205780029297,1.000000082240371e-09,1.000000082240371e-09,1.000000082240371e-09,1.000000082240371e-09,-20.72326583694641,1.000000082240371e-09,-3.453877638657735,,
18900,0.0002030746664489492,0.014924168586730957,0.0431227907538414,1.000000082240371e-09,1.000000082240371e-09,1.000000082240371e-09,1.000000082240371e-09,1.000000082240371e-09,1.000000082240371e-09,1.000000082240371e-09,,
19000,0.00020068721106008747,0.003005287144333124,0.044560935348272324,1.000000082240371e-09,1.000000082240371e-09,1.000000082240371e-09,1.000000082240371e-09,1.000000082240371e-09,1.000000082240371e-09,1.000000082240371e-09,tensor(0.0285),1.0288994146077621
19100,0.00019830911064743187,-0.052428752183914185,0.04585116729140282,1.000000082240371e-09,1.000000082240371e-09,1.000000082240371e-09,1.000000082240371e-09,1.000000082240371e-09,1.000000082240371e-09,1.000000082240371e-09,,
19200,0.00019594066458169786,0.010041182860732079,0.04120633751153946,1.000000082240371e-09,1.000000082240371e-09,1.000000082240371e-09,1.000000082240371e-09,1.000000082240371e-09,1.000000082240371e-09,1.000000082240371e-09,,
19300,0.0001935821710182488,0.00075131980702281,0.041306983679533005,1.000000082240371e-09,1.000000082240371e-09,1.000000082240371e-09,1.000000082240371e-09,-20.72326583694641,1.000000082240371e-09,-3.453877638657735,,
19400,0.00019123392685956232,0.007390548009425402,0.037525057792663574,1.000000082240371e-09,1.000000082240371e-09,1.000000082240371e-09,1.000000082240371e-09,-20.72326583694641,1.000000082240371e-09,-3.453877638657735,,
19500,0.0001888962277178548,0.03155942261219025,0.04455919936299324,1.000000082240371e-09,1.000000082240371e-09,1.000000082240371e-09,1.000000082240371e-09,1.000000082240371e-09,1.000000082240371e-09,1.000000082240371e-09,,
19600,0.0001865693678778672,0.0012622135691344738,0.0422985702753067,1.000000082240371e-09,1.000000082240371e-09,1.000000082240371e-09,1.000000082240371e-09,1.000000082240371e-09,1.000000082240371e-09,1.000000082240371e-09,,
19700,0.00018425364025981888,-0.011323833838105202,0.039586424827575684,1.000000082240371e-09,1.000000082240371e-09,1.000000082240371e-09,1.000000082240371e-09,1.000000082240371e-09,1.000000082240371e-09,1.000000082240371e-09,,
19800,0.00018194933638253287,0.010951482690870762,0.04224402457475662,1.000000082240371e-09,1.000000082240371e-09,1.000000082240371e-09,1.000000082240371e-09,1.000000082240371e-09,1.000000082240371e-09,1.000000082240371e-09,,
19900,0.00017965674632673754,0.01993316225707531,0.037825942039489746,1.000000082240371e-09,1.000000082240371e-09,1.000000082240371e-09,1.000000082240371e-09,1.000000082240371e-09,1.000000082240371e-09,1.000000082240371e-09,,
20000,0.00017737615869854942,0.028024086728692055,0.03980995714664459,1.000000082240371e-09,1.000000082240371e-09,1.000000082240371e-09,1.000000082240371e-09,1.000000082240371e-09,1.000000082240371e-09,1.000000082240371e-09,tensor(0.0282),1.0286233317577482
20100,0.00017510786059314154,-0.059523917734622955,0.029585592448711395,1.000000082240371e-09,1.000000082240371e-09,1.000000082240371e-09,1.000000082240371e-09,1.000000082240371e-09,1.000000082240371e-09,1.000000082240371e-09,,
20200,0.00017285213755860196,-0.017661308869719505,0.03482234850525856,1.000000082240371e-09,1.000000082240371e-09,1.000000082240371e-09,1.000000082240371e-09,1.000000082240371e-09,1.000000082240371e-09,1.000000082240371e-09,,
20300,0.00017060927355998736,-0.019237063825130463,0.03243134543299675,1.000000082240371e-09,1.000000082240371e-09,1.000000082240371e-09,1.000000082240371e-09,1.000000082240371e-09,1.000000082240371e-09,1.000000082240371e-09,,
20400,0.00016837955094357532,-0.019932497292757034,0.03457902744412422,1.000000082240371e-09,1.000000082240371e-09,1.000000082240371e-09,1.000000082240371e-09,1.000000082240371e-09,1.000000082240371e-09,1.000000082240371e-09,,
20500,0.00016616325040132103,-0.011981918476521969,0.039715077728033066,1.000000082240371e-09,1.000000082240371e-09,1.000000082240371e-09,1.000000082240371e-09,1.000000082240371e-09,1.000000082240371e-09,1.000000082240371e-09,,
20600,0.00016396065093552195,0.035761937499046326,0.0645783469080925,1.000000082240371e-09,1.000000082240371e-09,1.000000082240371e-09,1.000000082240371e-09,0.48121182567763754,1.000000082240371e-09,0.08020197177960632,,
20700,0.000161772029823695,0.02354145422577858,0.03611698001623154,1.000000082240371e-09,1.000000082240371e-09,1.000000082240371e-09,1.000000082240371e-09,1.000000082240371e-09,1.000000082240371e-09,1.000000082240371e-09,,
20800,0.00015959766258367115,-0.012959398329257965,0.032202888280153275,1.000000082240371e-09,1.000000082240371e-09,1.000000082240371e-09,1.000000082240371e-09,1.000000082240371e-09,1.000000082240371e-09,1.000000082240371e-09,,
20900,0.00015743782293891153,0.009392219595611095,0.03464643657207489,1.000000082240371e-09,1.000000082240371e-09,1.000000082240371e-09,1.000000082240371e-09,1.000000082240371e-09,1.000000082240371e-09,1.000000082240371e-09,,
21000,0.0001552927827840493,-0.035506077110767365,0.041208334267139435,1.000000082240371e-09,1.000000082240371e-09,1.000000082240371e-09,1.000000082240371e-09,1.000000082240371e-09,1.000000082240371e-09,1.000000082240371e-09,tensor(0.0279),1.0282911751329504
21100,0.00015316281215066173,0.023421132937073708,0.044243697077035904,1.000000082240371e-09,1.000000082240371e-09,1.000000082240371e-09,1.000000082240371e-09,-20.72326583694641,1.000000082240371e-09,-3.453877638657735,,
21200,0.00015104817917327694,-0.04728037118911743,0.03980989754199982,1.000000082240371e-09,1.000000082240371e-09,1.000000082240371e-09,1.000000082240371e-09,1.000000082240371e-09,1.000000082240371e-09,1.000000082240371e-09,,
21300,0.00014894915005561938,0.009678483009338379,0.027190567925572395,1.000000082240371e-09,1.000000082240371e-09,1.000000082240371e-09,1.000000082240371e-09,-20.72326583694641,1.000000082240371e-09,-3.453877638657735,,
21400,0.0001468659890370983,-0.14020313322544098,0.035213593393564224,1.000000082240371e-09,1.000000082240371e-09,1.000000082240371e-09,1.000000082240371e-09,1.000000082240371e-09,1.000000082240371e-09,1.000000082240371e-09,,
21500,0.0001447989583595437,-0.10086137056350708,0.0454321950674057,1.000000082240371e-09,1.000000082240371e-09,1.000000082240371e-09,1.000000082240371e-09,1.000000082240371e-09,1.000000082240371e-09,1.000000082240371e-09,,
21600,0.00014274831823419358,0.11995522677898407,0.03104853630065918,1.000000082240371e-09,1.000000082240371e-09,1.000000082240371e-09,1.000000082240371e-09,1.000000082240371e-09,1.000000082240371e-09,1.000000082240371e-09,,
21700,0.0001407143268089367,-0.1806235909461975,0.03480067476630211,1.000000082240371e-09,1.000000082240371e-09,1.000000082240371e-09,1.000000082240371e-09,1.000000082240371e-09,1.000000082240371e-09,1.000000082240371e-09,,
21800,0.00013869724013581555,0.027956612408161163,0.03933722525835037,1.000000082240371e-09,1.000000082240371e-09,1.000000082240371e-09,1.000000082240371e-09,1.000000082240371e-09,1.000000082240371e-09,1.000000082240371e-09,,
21900,0.00013669731213879265,0.0020816330797970295,0.03042617067694664,1.000000082240371e-09,1.000000082240371e-09,1.000000082240371e-09,1.000000082240371e-09,-20.72326583694641,1.000000082240371e-09,-3.453877638657735,,
22000,0.00013471479458178497,-0.07676468044519424,0.04080916568636894,1.000000082240371e-09,1.000000082240371e-09,1.000000082240371e-09,1.000000082240371e-09,1.000000082240371e-09,1.000000082240371e-09,1.000000082240371e-09,tensor(0.0275),1.0279295800988706
22100,0.00013274993703697033,-0.018211456015706062,0.03961245343089104,1.000000082240371e-09,1.000000082240371e-09,1.000000082240371e-09,1.000000082240371e-09,1.000000082240371e-09,1.000000082240371e-09,1.000000082240371e-09,,
22200,0.00013080298685336957,-0.012970677576959133,0.03141101449728012,1.000000082240371e-09,1.000000082240371e-09,1.000000082240371e-09,1.000000082240371e-09,1.000000082240371e-09,1.000000082240371e-09,1.000000082240371e-09,,
22300,0.0001288741891257087,0.024780798703432083,0.02510504052042961,1.000000082240371e-09,1.000000082240371e-09,1.000000082240371e-09,1.000000082240371e-09,1.000000082240371e-09,1.000000082240371e-09,1.000000082240371e-09,,
22400,0.00012696378666356468,-0.09855122864246368,0.032282110303640366,1.000000082240371e-09,1.000000082240371e-09,1.000000082240371e-09,1.000000082240371e-09,1.000000082240371e-09,1.000000082240371e-09,1.000000082240371e-09,,
22500,0.00012507201996079912,0.007080404087901115,0.033943649381399155,1.000000082240371e-09,1.000000082240371e-09,1.000000082240371e-09,1.000000082240371e-09,1.000000082240371e-09,1.000000082240371e-09,1.000000082240371e-09,,
22600,0.0001231991271652833,0.004931285046041012,0.035521671175956726,1.000000082240371e-09,1.000000082240371e-09,1.000000082240371e-09,1.000000082240371e-09,1.000000082240371e-09,1.000000082240371e-09,1.000000082240371e-09,,
22700,0.00012134534404891845,-0.006226669065654278,0.03281847760081291,1.000000082240371e-09,1.000000082240371e-09,1.000000082240371e-09,1.000000082240371e-09,1.000000082240371e-09,1.000000082240371e-09,1.000000082240371e-09,,
22800,0.00011951090397795545,0.09845094382762909,0.027766868472099304,1.000000082240371e-09,1.000000082240371e-09,1.000000082240371e-09,1.000000082240371e-09,1.000000082240371e-09,1.000000082240371e-09,1.000000082240371e-09,,
22900,0.0001176960378836171,0.0643647313117981,0.030723685398697853,1.000000082240371e-09,1.000000082240371e-09,1.000000082240371e-09,1.000000082240371e-09,1.000000082240371e-09,1.000000082240371e-09,1.000000082240371e-09,,
23000,0.00011590097423302682,-0.1473008245229721,0.030955856665968895,1.000000082240371e-09,1.000000082240371e-09,1.000000082240371e-09,1.000000082240371e-09,1.000000082240371e-09,1.000000082240371e-09,1.000000082240371e-09,tensor(0.0277),1.0280954554297792
23100,0.00011412593900044806,-0.07332196086645126,0.03717861324548721,1.000000082240371e-09,1.000000082240371e-09,1.000000082240371e-09,1.000000082240371e-09,1.000000082240371e-09,1.000000082240371e-09,1.000000082240371e-09,,
23200,0.00011237115563883691,-0.00042043253779411316,0.029869142919778824,1.000000082240371e-09,1.000000082240371e-09,1.000000082240371e-09,1.000000082240371e-09,1.000000082240371e-09,1.000000082240371e-09,1.000000082240371e-09,,
23300,0.00011063684505171255,-0.03444373607635498,0.033836159855127335,1.000000082240371e-09,1.000000082240371e-09,1.000000082240371e-09,1.000000082240371e-09,1.000000082240371e-09,1.000000082240371e-09,1.000000082240371e-09,,
23400,0.00010892322556534838,-0.021224739030003548,0.02525096945464611,1.000000082240371e-09,1.000000082240371e-09,1.000000082240371e-09,1.000000082240371e-09,1.000000082240371e-09,1.000000082240371e-09,1.000000082240371e-09,,
23500,0.00010723051290128774,0.03823815658688545,0.02505565620958805,1.000000082240371e-09,1.000000082240371e-09,1.000000082240371e-09,1.000000082240371e-09,1.000000082240371e-09,1.000000082240371e-09,1.000000082240371e-09,,
23600,0.00010555892014918757,0.07994536310434341,0.024175720289349556,1.000000082240371e-09,1.000000082240371e-09,1.000000082240371e-09,1.000000082240371e-09,1.000000082240371e-09,1.000000082240371e-09,1.000000082240371e-09,,
23700,0.00010390865773999304,0.011770714074373245,0.03219689056277275,1.000000082240371e-09,1.000000082240371e-09,1.000000082240371e-09,1.000000082240371e-09,1.000000082240371e-09,1.000000082240371e-09,1.000000082240371e-09,,
23800,0.0001022799334194475,-0.04364656284451485,0.02907733805477619,1.000000082240371e-09,1.000000082240371e-09,1.000000082240371e-09,1.000000082240371e-09,1.000000082240371e-09,1.000000082240371e-09,1.000000082240371e-09,,
23900,0.00010067295222193981,0.10634282231330872,0.031448815017938614,1.000000082240371e-09,1.000000082240371e-09,1.000000082240371e-09,1.000000082240371e-09,1.000000082240371e-09,1.000000082240371e-09,1.000000082240371e-09,,
24000,9.90879164446933e-05,0.06711150705814362,0.030763816088438034,1.000000082240371e-09,1.000000082240371e-09,1.000000082240371e-09,1.000000082240371e-09,1.000000082240371e-09,1.000000082240371e-09,1.000000082240371e-09,tensor(0.0274),1.0278131576431075
24100,9.752502562229953e-05,-0.0654376819729805,0.027204087004065514,1.000000082240371e-09,1.000000082240371e-09,1.000000082240371e-09,1.000000082240371e-09,1.000000082240371e-09,1.000000082240371e-09,1.000000082240371e-09,,
24200,9.59844765015993e-05,0.08158540725708008,0.029451880604028702,1.000000082240371e-09,1.000000082240371e-09,1.000000082240371e-09,1.000000082240371e-09,1.000000082240371e-09,1.000000082240371e-09,1.000000082240371e-09,,
24300,9.446646301691498e-05,-0.05211907625198364,0.029855942353606224,1.000000082240371e-09,1.000000082240371e-09,1.000000082240371e-09,1.000000082240371e-09,1.000000082240371e-09,1.000000082240371e-09,1.000000082240371e-09,,
24400,9.297117626563684e-05,0.03841494023799896,0.02467292547225952,1.000000082240371e-09,1.000000082240371e-09,1.000000082240371e-09,1.000000082240371e-09,1.000000082240371e-09,1.000000082240371e-09,1.000000082240371e-09,,
24500,9.149880448416645e-05,0.04452008754014969,0.032711200416088104,1.000000082240371e-09,1.000000082240371e-09,1.000000082240371e-09,1.000000082240371e-09,1.000000082240371e-09,1.000000082240371e-09,1.000000082240371e-09,,
24600,9.004953302422029e-05,-0.09301222860813141,0.030972173437476158,1.000000082240371e-09,1.000000082240371e-09,1.000000082240371e-09,1.000000082240371e-09,1.000000082240371e-09,1.000000082240371e-09,1.000000082240371e-09,,
24700,8.862354432949631e-05,0.009672417305409908,0.03309177979826927,1.000000082240371e-09,1.000000082240371e-09,1.000000082240371e-09,1.000000082240371e-09,1.000000082240371e-09,1.000000082240371e-09,1.000000082240371e-09,,
24800,8.72210179127069e-05,0.008483301848173141,0.028548114001750946,1.000000082240371e-09,1.000000082240371e-09,1.000000082240371e-09,1.000000082240371e-09,1.000000082240371e-09,1.000000082240371e-09,1.000000082240371e-09,,
24900,8.584213033298073e-05,0.030396930873394012,0.028564605861902237,1.000000082240371e-09,1.000000082240371e-09,1.000000082240371e-09,1.000000082240371e-09,1.000000082240371e-09,1.000000082240371e-09,1.000000082240371e-09,,
25000,8.448705517363607e-05,-0.11194969713687897,0.028355659916996956,1.000000082240371e-09,1.000000082240371e-09,1.000000082240371e-09,1.000000082240371e-09,1.000000082240371e-09,1.000000082240371e-09,1.000000082240371e-09,tensor(0.0277),1.0281106183295823
25100,8.315596302032927e-05,0.014527823776006699,0.0268156249076128,1.000000082240371e-09,1.000000082240371e-09,1.000000082240371e-09,1.000000082240371e-09,1.000000082240371e-09,1.000000082240371e-09,1.000000082240371e-09,,
25200,8.184902143958013e-05,0.04011416807770729,0.027868112549185753,1.000000082240371e-09,1.000000082240371e-09,1.000000082240371e-09,1.000000082240371e-09,1.000000082240371e-09,1.000000082240371e-09,1.000000082240371e-09,,
25300,8.056639495767772e-05,-0.06538734585046768,0.03131874278187752,1.000000082240371e-09,1.000000082240371e-09,1.000000082240371e-09,1.000000082240371e-09,1.000000082240371e-09,1.000000082240371e-09,1.000000082240371e-09,,
25400,7.930824503996855e-05,-0.07911458611488342,0.032956335693597794,1.000000082240371e-09,1.000000082240371e-09,1.000000082240371e-09,1.000000082240371e-09,1.000000082240371e-09,1.000000082240371e-09,1.000000082240371e-09,,
25500,7.807473007053042e-05,0.03783554956316948,0.032108910381793976,1.000000082240371e-09,1.000000082240371e-09,1.000000082240371e-09,1.000000082240371e-09,1.000000082240371e-09,1.000000082240371e-09,1.000000082240371e-09,,
25600,7.686600533223395e-05,-0.019420862197875977,0.031849268823862076,1.000000082240371e-09,1.000000082240371e-09,1.000000082240371e-09,1.000000082240371e-09,1.000000082240371e-09,1.000000082240371e-09,1.000000082240371e-09,,
25700,7.568222298719454e-05,-0.025818968191742897,0.03224325552582741,1.000000082240371e-09,1.000000082240371e-09,1.000000082240371e-09,1.000000082240371e-09,1.000000082240371e-09,1.000000082240371e-09,1.000000082240371e-09,,
25800,7.452353205761725e-05,-0.04333275556564331,0.02924257330596447,1.000000082240371e-09,1.000000082240371e-09,1.000000082240371e-09,1.000000082240371e-09,1.000000082240371e-09,1.000000082240371e-09,1.000000082240371e-09,,
25900,7.339007840703684e-05,-0.09529964625835419,0.033253833651542664,1.000000082240371e-09,1.000000082240371e-09,1.000000082240371e-09,1.000000082240371e-09,1.000000082240371e-09,1.000000082240371e-09,1.000000082240371e-09,,
26000,7.228200472195572e-05,0.04252779483795166,0.03155577927827835,1.000000082240371e-09,1.000000082240371e-09,1.000000082240371e-09,1.000000082240371e-09,1.000000082240371e-09,1.000000082240371e-09,1.000000082240371e-09,tensor(0.0275),1.0278954268176532
26100,7.119945049388134e-05,-0.014221051707863808,0.027100862935185432,1.000000082240371e-09,1.000000082240371e-09,1.000000082240371e-09,1.000000082240371e-09,1.000000082240371e-09,1.000000082240371e-09,1.000000082240371e-09,,
26200,7.014255200176643e-05,-0.0462285652756691,0.029308641329407692,1.000000082240371e-09,1.000000082240371e-09,1.000000082240371e-09,1.000000082240371e-09,1.000000082240371e-09,1.000000082240371e-09,1.000000082240371e-09,,
26300,6.911144229485304e-05,0.08218973875045776,0.03209441527724266,1.000000082240371e-09,1.000000082240371e-09,1.000000082240371e-09,1.000000082240371e-09,1.000000082240371e-09,1.000000082240371e-09,1.000000082240371e-09,,
26400,6.810625117592362e-05,0.01567472517490387,0.026012850925326347,1.000000082240371e-09,1.000000082240371e-09,1.000000082240371e-09,1.000000082240371e-09,1.000000082240371e-09,1.000000082240371e-09,1.000000082240371e-09,,
26500,6.712710518496048e-05,0.012335967272520065,0.034039195626974106,1.000000082240371e-09,1.000000082240371e-09,1.000000082240371e-09,1.000000082240371e-09,1.000000082240371e-09,1.000000082240371e-09,1.000000082240371e-09,,
26600,6.617412758321627e-05,0.026232801377773285,0.032394491136074066,1.000000082240371e-09,1.000000082240371e-09,1.000000082240371e-09,1.000000082240371e-09,1.000000082240371e-09,1.000000082240371e-09,1.000000082240371e-09,,
26700,6.524743833769681e-05,-0.030482113361358643,0.02502724528312683,1.000000082240371e-09,1.000000082240371e-09,1.000000082240371e-09,1.000000082240371e-09,1.000000082240371e-09,1.000000082240371e-09,1.000000082240371e-09,,
26800,6.434715410605913e-05,-0.028737500309944153,0.037941038608551025,1.000000082240371e-09,1.000000082240371e-09,1.000000082240371e-09,1.000000082240371e-09,1.000000082240371e-09,1.000000082240371e-09,1.000000082240371e-09,,
26900,6.347338822192572e-05,-0.02688499726355076,0.03173210844397545,1.000000082240371e-09,1.000000082240371e-09,1.000000082240371e-09,1.000000082240371e-09,1.000000082240371e-09,1.000000082240371e-09,1.000000082240371e-09,,
27000,6.26262506806173e-05,-0.04281313344836235,0.029993535950779915,1.000000082240371e-09,1.000000082240371e-09,1.000000082240371e-09,1.000000082240371e-09,1.000000082240371e-09,1.000000082240371e-09,1.000000082240371e-09,tensor(0.0274),1.0278019351914858
27100,6.180584812530604e-05,-0.08276022970676422,0.03138945624232292,1.000000082240371e-09,1.000000082240371e-09,1.000000082240371e-09,1.000000082240371e-09,1.000000082240371e-09,1.000000082240371e-09,1.000000082240371e-09,,
27200,6.101228383359046e-05,-0.027223654091358185,0.028877850621938705,1.000000082240371e-09,1.000000082240371e-09,1.000000082240371e-09,1.000000082240371e-09,1.000000082240371e-09,1.000000082240371e-09,1.000000082240371e-09,,
27300,6.024565770449434e-05,0.0052716052159667015,0.03472037985920906,1.000000082240371e-09,1.000000082240371e-09,1.000000082240371e-09,1.000000082240371e-09,1.000000082240371e-09,1.000000082240371e-09,1.000000082240371e-09,,
27400,5.950606624589065e-05,0.00037868134677410126,0.026821233332157135,1.000000082240371e-09,1.000000082240371e-09,1.000000082240371e-09,1.000000082240371e-09,1.000000082240371e-09,1.000000082240371e-09,1.000000082240371e-09,,
27500,5.879360256235262e-05,-0.0002480624243617058,0.03102687932550907,1.000000082240371e-09,1.000000082240371e-09,1.000000082240371e-09,1.000000082240371e-09,1.000000082240371e-09,1.000000082240371e-09,1.000000082240371e-09,,
27600,5.8108356343433026e-05,-0.005526410415768623,0.03135482966899872,1.000000082240371e-09,1.000000082240371e-09,1.000000082240371e-09,1.000000082240371e-09,1.000000082240371e-09,1.000000082240371e-09,1.000000082240371e-09,,
27700,5.745041385237357e-05,0.06631922721862793,0.029618382453918457,1.000000082240371e-09,1.000000082240371e-09,1.000000082240371e-09,1.000000082240371e-09,1.000000082240371e-09,1.000000082240371e-09,1.000000082240371e-09,,
27800,5.6819857915245456e-05,0.0018063751049339771,0.03399313613772392,1.000000082240371e-09,1.000000082240371e-09,1.000000082240371e-09,1.000000082240371e-09,1.000000082240371e-09,1.000000082240371e-09,1.000000082240371e-09,,
27900,5.621676791052278e-05,-0.00797249935567379,0.02953552082180977,1.000000082240371e-09,1.000000082240371e-09,1.000000082240371e-09,1.000000082240371e-09,1.000000082240371e-09,1.000000082240371e-09,1.000000082240371e-09,,
28000,5.564121975908969e-05,0.014690841548144817,0.03190218657255173,1.000000082240371e-09,1.000000082240371e-09,1.000000082240371e-09,1.000000082240371e-09,1.000000082240371e-09,1.000000082240371e-09,1.000000082240371e-09,tensor(0.0271),1.0274559984359881
28100,5.50932859146832e-05,-0.001189814880490303,0.02689668908715248,1.000000082240371e-09,1.000000082240371e-09,1.000000082240371e-09,1.000000082240371e-09,1.000000082240371e-09,1.000000082240371e-09,1.000000082240371e-09,,
28200,5.457303535477202e-05,-0.007575850933790207,0.02884395606815815,1.000000082240371e-09,1.000000082240371e-09,1.000000082240371e-09,1.000000082240371e-09,1.000000082240371e-09,1.000000082240371e-09,1.000000082240371e-09,,
28300,5.408053357187336e-05,0.001310726162046194,0.026169143617153168,1.000000082240371e-09,1.000000082240371e-09,1.000000082240371e-09,1.000000082240371e-09,1.000000082240371e-09,1.000000082240371e-09,1.000000082240371e-09,,
28400,5.361584256530833e-05,-0.00067274080356583,0.025388529524207115,1.000000082240371e-09,1.000000082240371e-09,1.000000082240371e-09,1.000000082240371e-09,-20.72326583694641,1.000000082240371e-09,-3.453877638657735,,
28500,5.3179020833396925e-05,-0.001781567232683301,0.028929119929671288,1.000000082240371e-09,1.000000082240371e-09,1.000000082240371e-09,1.000000082240371e-09,-20.72326583694641,1.000000082240371e-09,-3.453877638657735,,
28600,5.277012336609403e-05,0.00419418141245842,0.02813543565571308,1.000000082240371e-09,1.000000082240371e-09,1.000000082240371e-09,1.000000082240371e-09,1.000000082240371e-09,1.000000082240371e-09,1.000000082240371e-09,,
28700,5.238920163806676e-05,4.8610265366733074e-05,0.031192883849143982,1.000000082240371e-09,1.000000082240371e-09,1.000000082240371e-09,1.000000082240371e-09,-20.72326583694641,1.000000082240371e-09,-3.453877638657735,,
28800,5.203630360221469e-05,0.05735864117741585,0.027890190482139587,1.000000082240371e-09,1.000000082240371e-09,1.000000082240371e-09,1.000000082240371e-09,1.000000082240371e-09,1.000000082240371e-09,1.000000082240371e-09,,
28900,5.171147368363309e-05,-0.05451149493455887,0.02907019667327404,1.000000082240371e-09,1.000000082240371e-09,1.000000082240371e-09,1.000000082240371e-09,1.000000082240371e-09,1.000000082240371e-09,1.000000082240371e-09,,
29000,5.141475277402042e-05,0.020769834518432617,0.03199269622564316,1.000000082240371e-09,1.000000082240371e-09,1.000000082240371e-09,1.000000082240371e-09,1.000000082240371e-09,1.000000082240371e-09,1.000000082240371e-09,tensor(0.0265),1.0268032871564434
29100,5.114617822653072e-05,0.014565586112439632,0.03164498880505562,1.000000082240371e-09,1.000000082240371e-09,1.000000082240371e-09,1.000000082240371e-09,1.000000082240371e-09,1.000000082240371e-09,1.000000082240371e-09,,
29200,5.090578385107121e-05,0.06634749472141266,0.029113441705703735,1.000000082240371e-09,1.000000082240371e-09,1.000000082240371e-09,1.000000082240371e-09,1.000000082240371e-09,1.000000082240371e-09,1.000000082240371e-09,,
29300,5.069359991004621e-05,0.008186118677258492,0.027531858533620834,1.000000082240371e-09,1.000000082240371e-09,1.000000082240371e-09,1.000000082240371e-09,1.000000082240371e-09,1.000000082240371e-09,1.000000082240371e-09,,
29400,5.050965311454738e-05,-0.027871176600456238,0.03142286464571953,1.000000082240371e-09,1.000000082240371e-09,1.000000082240371e-09,1.000000082240371e-09,1.000000082240371e-09,1.000000082240371e-09,1.000000082240371e-09,,
29500,5.035396662099127e-05,0.04472332447767258,0.026972586289048195,1.000000082240371e-09,1.000000082240371e-09,1.000000082240371e-09,1.000000082240371e-09,1.000000082240371e-09,1.000000082240371e-09,1.000000082240371e-09,,
29600,5.022656002820422e-05,0.003943261224776506,0.031037520617246628,1.000000082240371e-09,1.000000082240371e-09,1.000000082240371e-09,1.000000082240371e-09,1.000000082240371e-09,1.000000082240371e-09,1.000000082240371e-09,,
29700,5.012744937495501e-05,-0.1051604375243187,0.03133000060915947,1.000000082240371e-09,1.000000082240371e-09,1.000000082240371e-09,1.000000082240371e-09,1.000000082240371e-09,1.000000082240371e-09,1.000000082240371e-09,,
29800,5.0056647137936035e-05,0.10427448898553848,0.028170239180326462,1.000000082240371e-09,1.000000082240371e-09,1.000000082240371e-09,1.000000082240371e-09,1.000000082240371e-09,1.000000082240371e-09,1.000000082240371e-09,,
29900,5.001416223019237e-05,0.01968250423669815,0.030374309048056602,1.000000082240371e-09,1.000000082240371e-09,1.000000082240371e-09,1.000000082240371e-09,1.000000082240371e-09,1.000000082240371e-09,1.000000082240371e-09,,
29999,5.000000141623788e-05,,0.031113969162106514,1.000000082240371e-09,1.000000082240371e-09,1.000000082240371e-09,1.000000082240371e-09,1.000000082240371e-09,1.000000082240371e-09,1.000000082240371e-09,tensor(0.0269),1.0272278392483212
