iter,train_loss,homology_layer_0,homology_layer_1,homology_layer_2,homology_layer_3,homology_layer_4,homology_layer_5,avg_homology_score,val_loss,perplexity
0,60.55876159667969,1.000000082240371e-09,1.000000082240371e-09,1.000000082240371e-09,1.000000082240371e-09,-20.72326583694641,-20.72326583694641,-6.90775527831547,tensor(4.1386),62.712528783095344
100,60.08155059814453,1.000000082240371e-09,-20.72326583694641,1.000000082240371e-09,1.000000082240371e-09,-20.72326583694641,-20.72326583694641,-10.361632917973205,,
200,54.517578125,1.000000082240371e-09,1.000000082240371e-09,1.000000082240371e-09,1.000000082240371e-09,1.000000082240371e-09,1.000000082240371e-09,1.000000082240371e-09,,
300,49.99235534667969,-20.72326583694641,1.000000082240371e-09,-20.72326583694641,1.000000082240371e-09,1.000000082240371e-09,-20.72326583694641,-10.361632917973205,,
400,48.84904098510742,1.000000082240371e-09,1.000000082240371e-09,-20.72326583694641,1.000000082240371e-09,1.000000082240371e-09,-20.72326583694641,-6.90775527831547,,
500,42.37312316894531,1.000000082240371e-09,-20.72326583694641,1.000000082240371e-09,0.48121182567763754,1.000000082240371e-09,1.000000082240371e-09,-3.373675667878129,,
600,50.8447265625,1.000000082240371e-09,1.000000082240371e-09,-20.72326583694641,1.000000082240371e-09,1.000000082240371e-09,-20.72326583694641,-6.90775527831547,,
700,48.04127883911133,1.000000082240371e-09,1.000000082240371e-09,0.48121182567763754,1.000000082240371e-09,1.000000082240371e-09,1.000000082240371e-09,0.08020197177960632,,
800,52.356689453125,1.000000082240371e-09,1.000000082240371e-09,1.000000082240371e-09,0.48121182567763754,1.000000082240371e-09,1.000000082240371e-09,0.08020197177960632,,
900,48.87727355957031,1.000000082240371e-09,1.000000082240371e-09,1.000000082240371e-09,1.000000082240371e-09,1.000000082240371e-09,1.000000082240371e-09,1.000000082240371e-09,,
1000,58.72635269165039,-20.723265644650162,9.999998601957662e-10,-20.72326583694641,-20.72326583694641,-20.72326583694641,-20.72326583694641,-17.269388165239302,tensor(0.0411),1.0419951776369454
1100,42.8516845703125,-20.72326583694641,1.000000082240371e-09,1.000000082240371e-09,1.000000082240371e-09,0.34657359098707957,1.000000082240371e-09,-3.3961153736598884,,
1200,52.71873474121094,1.000000082240371e-09,1.000000082240371e-09,1.000000082240371e-09,1.000000082240371e-09,-20.72326583694641,1.000000082240371e-09,-3.453877638657735,,
1300,43.657814025878906,1.000000082240371e-09,1.000000082240371e-09,1.000000082240371e-09,1.000000082240371e-09,-20.72326583694641,-20.72326583694641,-6.90775527831547,,
1400,40.399574279785156,1.000000082240371e-09,1.000000082240371e-09,1.000000082240371e-09,1.000000082240371e-09,0.48121182567763754,1.000000082240371e-09,0.08020197177960632,,
1500,41.729732513427734,1.000000082240371e-09,1.000000082240371e-09,1.000000082240371e-09,-20.72326583694641,1.000000082240371e-09,1.000000082240371e-09,-3.453877638657735,,
1600,47.51435470581055,-20.72326583694641,1.000000082240371e-09,0.48121182567763754,-20.72326583694641,1.000000082240371e-09,1.000000082240371e-09,-6.827553307535865,,
1700,41.83124923706055,1.000000082240371e-09,1.000000082240371e-09,1.000000082240371e-09,1.000000082240371e-09,1.000000082240371e-09,1.000000082240371e-09,1.000000082240371e-09,,
1800,50.73215866088867,-20.72326583694641,1.000000082240371e-09,1.000000082240371e-09,1.000000082240371e-09,1.000000082240371e-09,-20.723265644650162,-6.907755246266095,,
1900,42.03944778442383,1.000000082240371e-09,-20.72326583694641,1.000000082240371e-09,0.34657359098707957,0.34657359098707957,1.000000082240371e-09,-3.3383531086620413,,
2000,48.41738510131836,1.000000082240371e-09,1.000000082240371e-09,1.000000082240371e-09,1.000000082240371e-09,1.000000082240371e-09,1.000000082240371e-09,1.000000082240371e-09,tensor(0.0363),1.0369432252106054
2100,50.8044319152832,9.999998601957662e-10,1.000000082240371e-09,1.000000082240371e-09,1.000000082240371e-09,1.000000082240371e-09,-20.72326583694641,-3.453877638657735,,
2200,49.77217102050781,1.000000082240371e-09,9.999998601957662e-10,-20.72326583694641,1.000000082240371e-09,-20.72326583694641,-20.72326583694641,-10.361632917973205,,
2300,38.77510070800781,1.000000082240371e-09,9.999998601957662e-10,-20.72326583694641,0.34657359098707957,0.48121182567763754,1.000000082240371e-09,-3.315913402880282,,
2400,40.642154693603516,1.000000082240371e-09,1.000000082240371e-09,1.000000082240371e-09,0.48121182567763754,0.48121182567763754,1.000000082240371e-09,0.16040394255921256,,
2500,50.05886459350586,1.000000082240371e-09,1.000000082240371e-09,-20.72326583694641,1.000000082240371e-09,1.000000082240371e-09,1.000000082240371e-09,-3.453877638657735,,
2600,49.51859664916992,1.000000082240371e-09,-20.72326583694641,-20.72326583694641,1.000000082240371e-09,-20.72326583694641,1.000000082240371e-09,-10.361632917973205,,
2700,46.5858268737793,1.000000082240371e-09,-20.72326583694641,1.000000082240371e-09,1.000000082240371e-09,1.000000082240371e-09,1.000000082240371e-09,-3.453877638657735,,
2800,43.43289566040039,1.000000082240371e-09,-20.72326583694641,1.000000082240371e-09,0.48121182567763754,1.000000082240371e-09,1.000000082240371e-09,-3.373675667878129,,
2900,41.334285736083984,-20.723265644650162,-20.72326583694641,1.000000082240371e-09,1.000000082240371e-09,0.48121182567763754,1.000000082240371e-09,-6.8275532754864905,,
3000,35.15648651123047,1.000000082240371e-09,1.000000082240371e-09,1.000000082240371e-09,0.34657359098707957,1.000000082240371e-09,1.000000082240371e-09,0.05776226599784667,tensor(0.0339),1.0345163195994864
3100,45.48222351074219,-20.72326583694641,-20.72326583694641,1.000000082240371e-09,0.48121182567763754,1.000000082240371e-09,1.000000082240371e-09,-6.827553307535865,,
3200,54.83235549926758,1.000000082240371e-09,1.000000082240371e-09,1.000000082240371e-09,1.000000082240371e-09,1.000000082240371e-09,1.000000082240371e-09,1.000000082240371e-09,,
3300,49.7521858215332,1.000000082240371e-09,1.000000082240371e-09,0.48121182567763754,1.000000082240371e-09,1.000000082240371e-09,1.000000082240371e-09,0.08020197177960632,,
3400,52.33626937866211,1.000000082240371e-09,1.000000082240371e-09,1.000000082240371e-09,1.000000082240371e-09,1.000000082240371e-09,1.000000082240371e-09,1.000000082240371e-09,,
3500,47.885501861572266,1.000000082240371e-09,1.000000082240371e-09,-20.72326583694641,1.000000082240371e-09,-20.72326583694641,1.000000082240371e-09,-6.907755278315471,,
3600,42.677791595458984,1.000000082240371e-09,1.000000082240371e-09,1.000000082240371e-09,1.000000082240371e-09,0.34657359098707957,-20.72326583694641,-3.3961153736598884,,
3700,43.63664627075195,1.000000082240371e-09,1.000000082240371e-09,1.000000082240371e-09,0.34657359098707957,1.000000082240371e-09,1.000000082240371e-09,0.05776226599784667,,
3800,44.152313232421875,1.000000082240371e-09,1.000000082240371e-09,0.48121182567763754,1.000000082240371e-09,1.000000082240371e-09,-20.72326583694641,-3.373675667878129,,
3900,44.48732376098633,1.000000082240371e-09,-20.72326583694641,1.000000082240371e-09,-20.72326583694641,1.000000082240371e-09,1.000000082240371e-09,-6.907755278315471,,
4000,44.47575378417969,-20.72326583694641,9.999998601957662e-10,1.000000082240371e-09,1.000000082240371e-09,1.000000082240371e-09,1.000000082240371e-09,-3.453877638657735,tensor(0.0324),1.032924119680729
4100,36.38917922973633,1.000000082240371e-09,1.000000082240371e-09,0.48121182567763754,-20.72326583694641,1.000000082240371e-09,1.000000082240371e-09,-3.373675667878129,,
4200,51.317684173583984,-20.723265644650162,1.000000082240371e-09,1.000000082240371e-09,1.000000082240371e-09,1.000000082240371e-09,-20.723265644650162,-6.907755214216721,,
4300,50.42930221557617,1.000000082240371e-09,1.000000082240371e-09,-20.72326583694641,1.000000082240371e-09,1.000000082240371e-09,1.000000082240371e-09,-3.453877638657735,,
4400,58.75079345703125,-20.72326583694641,1.000000082240371e-09,1.000000082240371e-09,-20.72326583694641,1.000000082240371e-09,9.999998601957662e-10,-6.907755278315471,,
4500,39.56248092651367,1.000000082240371e-09,1.000000082240371e-09,1.000000082240371e-09,-20.72326583694641,-20.72326583694641,-20.72326583694641,-10.361632917973205,,
4600,44.696136474609375,1.000000082240371e-09,1.000000082240371e-09,1.000000082240371e-09,0.48121182567763754,0.48121182567763754,1.000000082240371e-09,0.16040394255921256,,
4700,46.82430648803711,-20.72326583694641,1.000000082240371e-09,-20.72326583694641,1.000000082240371e-09,0.34657359098707957,-20.72326583694641,-10.303870652975359,,
4800,43.93306350708008,1.000000082240371e-09,1.000000082240371e-09,1.000000082240371e-09,-20.72326583694641,0.34657359098707957,-20.72326583694641,-6.849993013317623,,
4900,42.491519927978516,1.000000082240371e-09,1.000000082240371e-09,1.000000082240371e-09,-20.72326583694641,1.000000082240371e-09,1.000000082240371e-09,-3.453877638657735,,
5000,41.210296630859375,-20.72326583694641,1.000000082240371e-09,1.000000082240371e-09,-20.72326583694641,-20.72326583694641,1.000000082240371e-09,-10.361632917973205,tensor(0.0315),1.0320373920671115
5100,37.36856460571289,1.000000082240371e-09,1.000000082240371e-09,1.000000082240371e-09,-20.72326583694641,0.48121182567763754,1.000000082240371e-09,-3.373675667878129,,
5200,44.20424270629883,-20.72326583694641,-20.72326583694641,0.6931471810599453,1.000000082240371e-09,1.000000082240371e-09,1.000000082240371e-09,-6.792230748305482,,
5300,50.03011703491211,-20.72326583694641,1.000000082240371e-09,1.000000082240371e-09,0.48121182567763754,1.000000082240371e-09,1.000000082240371e-09,-3.373675667878129,,
5400,44.74081039428711,1.000000082240371e-09,1.000000082240371e-09,1.000000082240371e-09,0.48121182567763754,1.000000082240371e-09,1.000000082240371e-09,0.08020197177960632,,
5500,45.304054260253906,1.000000082240371e-09,1.000000082240371e-09,1.000000082240371e-09,1.000000082240371e-09,1.000000082240371e-09,-20.72326583694641,-3.453877638657735,,
5600,49.532814025878906,1.000000082240371e-09,1.000000082240371e-09,-20.72326583694641,1.000000082240371e-09,1.000000082240371e-09,-20.723265644650162,-6.907755246266095,,
5700,49.45224380493164,1.000000082240371e-09,1.000000082240371e-09,-20.72326583694641,0.34657359098707957,1.000000082240371e-09,1.000000082240371e-09,-3.3961153736598884,,
5800,50.22328186035156,1.000000082240371e-09,1.000000082240371e-09,-20.72326583694641,1.000000082240371e-09,1.000000082240371e-09,1.000000082240371e-09,-3.453877638657735,,
5900,45.652889251708984,1.000000082240371e-09,1.000000082240371e-09,1.000000082240371e-09,-20.72326583694641,1.000000082240371e-09,1.000000082240371e-09,-3.453877638657735,,
6000,51.838043212890625,1.000000082240371e-09,-20.72326583694641,-20.72326583694641,-20.72326583694641,1.000000082240371e-09,1.000000082240371e-09,-10.361632917973205,tensor(0.0316),1.032054312461546
6100,44.72868728637695,1.000000082240371e-09,1.000000082240371e-09,-20.72326583694641,-20.72326583694641,1.000000082240371e-09,1.000000082240371e-09,-6.907755278315471,,
6200,46.791419982910156,1.000000082240371e-09,1.000000082240371e-09,1.000000082240371e-09,0.48121182567763754,1.000000082240371e-09,1.000000082240371e-09,0.08020197177960632,,
6300,46.185855865478516,1.000000082240371e-09,1.000000082240371e-09,1.000000082240371e-09,0.34657359098707957,1.000000082240371e-09,-20.72326583694641,-3.3961153736598884,,
6400,51.1157112121582,1.000000082240371e-09,1.000000082240371e-09,1.000000082240371e-09,1.000000082240371e-09,1.000000082240371e-09,1.000000082240371e-09,1.000000082240371e-09,,
6500,44.279598236083984,1.000000082240371e-09,-20.72326583694641,-20.72326583694641,1.000000082240371e-09,1.000000082240371e-09,1.000000082240371e-09,-6.907755278315471,,
6600,52.75913619995117,1.000000082240371e-09,9.999998601957662e-10,-20.72326583694641,0.48121182567763754,1.000000082240371e-09,1.000000082240371e-09,-3.373675667878129,,
6700,43.50656509399414,-20.72326583694641,1.000000082240371e-09,1.000000082240371e-09,1.000000082240371e-09,0.34657359098707957,1.000000082240371e-09,-3.3961153736598884,,
6800,44.324493408203125,1.000000082240371e-09,9.999998601957662e-10,1.000000082240371e-09,-20.72326583694641,0.48121182567763754,1.000000082240371e-09,-3.373675667878129,,
6900,43.546653747558594,-20.72326583694641,9.999998601957662e-10,1.000000082240371e-09,0.34657359098707957,1.000000082240371e-09,1.000000082240371e-09,-3.3961153736598884,,
7000,51.12181854248047,1.000000082240371e-09,1.000000082240371e-09,-20.72326583694641,0.34657359098707957,-20.72326583694641,1.000000082240371e-09,-6.849993013317623,tensor(0.0305),1.030986626223192
7100,47.59614181518555,1.000000082240371e-09,-20.72326583694641,1.000000082240371e-09,1.000000082240371e-09,0.34657359098707957,1.000000082240371e-09,-3.3961153736598884,,
7200,46.231201171875,9.999998601957662e-10,1.000000082240371e-09,1.000000082240371e-09,1.000000082240371e-09,1.000000082240371e-09,9.999998601957662e-10,1.0000000082255027e-09,,
7300,48.67497253417969,1.000000082240371e-09,1.000000082240371e-09,1.000000082240371e-09,1.000000082240371e-09,1.000000082240371e-09,1.000000082240371e-09,1.000000082240371e-09,,
7400,42.09912872314453,1.000000082240371e-09,1.000000082240371e-09,-20.72326583694641,1.000000082240371e-09,1.000000082240371e-09,1.000000082240371e-09,-3.453877638657735,,
7500,43.809654235839844,-20.72326583694641,1.000000082240371e-09,-20.72326583694641,-20.72326583694641,-20.72326583694641,9.999998601957662e-10,-13.815510557630938,,
7600,40.249046325683594,1.000000082240371e-09,1.000000082240371e-09,-20.72326583694641,-20.72326583694641,1.000000082240371e-09,1.000000082240371e-09,-6.907755278315471,,
7700,49.374176025390625,-20.72326583694641,-20.72326583694641,-20.72326583694641,1.000000082240371e-09,-20.72326583694641,1.000000082240371e-09,-13.815510557630942,,
7800,51.7458610534668,9.999998601957662e-10,1.000000082240371e-09,-20.72326583694641,-20.72326583694641,1.000000082240371e-09,1.000000082240371e-09,-6.907755278315471,,
7900,43.32611083984375,1.000000082240371e-09,1.000000082240371e-09,1.000000082240371e-09,1.000000082240371e-09,-20.72326583694641,1.000000082240371e-09,-3.453877638657735,,
8000,42.41526794433594,-20.723265644650162,-20.72326583694641,1.000000082240371e-09,1.000000082240371e-09,1.000000082240371e-09,1.000000082240371e-09,-6.907755246266098,tensor(0.0302),1.0306746184212359
8100,41.9163932800293,1.000000082240371e-09,-20.72326583694641,-20.72326583694641,1.000000082240371e-09,1.000000082240371e-09,1.000000082240371e-09,-6.907755278315471,,
8200,41.929447174072266,1.000000082240371e-09,1.000000082240371e-09,1.000000082240371e-09,1.000000082240371e-09,1.000000082240371e-09,1.000000082240371e-09,1.000000082240371e-09,,
8300,38.95344924926758,1.000000082240371e-09,1.000000082240371e-09,-20.72326583694641,-20.72326583694641,-20.72326583694641,1.000000082240371e-09,-10.361632917973205,,
8400,44.385128021240234,9.999998601957662e-10,1.000000082240371e-09,1.000000082240371e-09,0.34657359098707957,1.000000082240371e-09,-20.723265644650162,-3.3961153416105136,,
8500,40.29266357421875,1.000000082240371e-09,1.000000082240371e-09,1.000000082240371e-09,1.000000082240371e-09,1.000000082240371e-09,1.000000082240371e-09,1.000000082240371e-09,,
8600,45.2630500793457,1.000000082240371e-09,1.000000082240371e-09,-20.72326583694641,0.48121182567763754,-20.72326583694641,-20.72326583694641,-10.281430947193599,,
8700,35.23147201538086,-20.723265644650162,1.000000082240371e-09,1.000000082240371e-09,1.000000082240371e-09,1.000000082240371e-09,1.000000082240371e-09,-3.4538776066083603,,
8800,48.67954635620117,-20.72326583694641,1.000000082240371e-09,1.000000082240371e-09,1.000000082240371e-09,1.000000082240371e-09,1.000000082240371e-09,-3.453877638657735,,
8900,49.22023391723633,-20.72326583694641,1.000000082240371e-09,1.000000082240371e-09,0.34657359098707957,1.000000082240371e-09,-20.72326583694641,-6.849993013317623,,
9000,44.8040885925293,9.999998601957662e-10,-20.72326583694641,1.000000082240371e-09,1.000000082240371e-09,-20.72326583694641,1.000000082240371e-09,-6.907755278315471,tensor(0.0300),1.0304364567837194
9100,43.90189743041992,-20.72326583694641,-20.72326583694641,1.000000082240371e-09,1.000000082240371e-09,1.000000082240371e-09,1.000000082240371e-09,-6.907755278315473,,
9200,40.05371856689453,1.000000082240371e-09,-20.72326583694641,1.000000082240371e-09,1.000000082240371e-09,1.000000082240371e-09,1.000000082240371e-09,-3.453877638657735,,
9300,40.0650520324707,1.000000082240371e-09,1.000000082240371e-09,1.000000082240371e-09,1.000000082240371e-09,0.34657359098707957,9.999998601957662e-10,0.057762265997846625,,
9400,42.64085006713867,-20.72326583694641,-20.723265644650162,1.000000082240371e-09,1.000000082240371e-09,1.000000082240371e-09,-20.72326583694641,-10.361632885923832,,
9500,41.7127571105957,9.999998601957662e-10,1.000000082240371e-09,0.48121182567763754,1.000000082240371e-09,1.000000082240371e-09,1.000000082240371e-09,0.0802019717796063,,
9600,44.45232391357422,-20.72326583694641,1.000000082240371e-09,1.000000082240371e-09,1.000000082240371e-09,1.000000082240371e-09,1.000000082240371e-09,-3.453877638657735,,
9700,43.87424087524414,-20.72326583694641,1.000000082240371e-09,1.000000082240371e-09,-20.72326583694641,1.000000082240371e-09,1.000000082240371e-09,-6.907755278315471,,
9800,34.72681427001953,1.000000082240371e-09,-20.72326583694641,-20.72326583694641,-20.72326583694641,1.000000082240371e-09,1.000000082240371e-09,-10.361632917973205,,
9900,45.702266693115234,-20.72326583694641,1.000000082240371e-09,1.000000082240371e-09,-20.72326583694641,1.000000082240371e-09,1.000000082240371e-09,-6.907755278315471,,
10000,46.236732482910156,1.000000082240371e-09,1.000000082240371e-09,1.000000082240371e-09,-20.72326583694641,1.000000082240371e-09,1.000000082240371e-09,-3.453877638657735,tensor(0.0294),1.0298595963744415
10100,52.39385986328125,1.000000082240371e-09,-20.72326583694641,1.000000082240371e-09,1.000000082240371e-09,1.000000082240371e-09,1.000000082240371e-09,-3.453877638657735,,
10200,37.833038330078125,-20.72326583694641,1.000000082240371e-09,1.000000082240371e-09,-20.72326583694641,-20.72326583694641,1.000000082240371e-09,-10.361632917973205,,
10300,46.21004104614258,1.000000082240371e-09,1.000000082240371e-09,0.48121182567763754,-20.72326583694641,1.000000082240371e-09,1.000000082240371e-09,-3.373675667878129,,
10400,51.94407653808594,-20.72326583694641,1.000000082240371e-09,-20.72326583694641,1.000000082240371e-09,-20.72326583694641,-20.72326583694641,-13.815510557630938,,
10500,45.260494232177734,1.000000082240371e-09,1.000000082240371e-09,-20.72326583694641,1.000000082240371e-09,1.000000082240371e-09,1.000000082240371e-09,-3.453877638657735,,
10600,54.28757858276367,-20.723265644650162,1.000000082240371e-09,1.000000082240371e-09,1.000000082240371e-09,1.000000082240371e-09,1.000000082240371e-09,-3.4538776066083603,,
10700,46.187191009521484,-20.72326583694641,-20.72326583694641,-20.72326583694641,0.48121182567763754,-20.72326583694641,1.000000082240371e-09,-13.735308586851334,,
10800,42.264060974121094,1.000000082240371e-09,-20.72326583694641,1.000000082240371e-09,-20.72326583694641,-20.72326583694641,1.000000082240371e-09,-10.361632917973205,,
10900,39.587467193603516,1.000000082240371e-09,1.000000082240371e-09,1.000000082240371e-09,1.000000082240371e-09,1.000000082240371e-09,1.000000082240371e-09,1.000000082240371e-09,,
11000,31.631338119506836,9.999998601957662e-10,-20.72326583694641,1.000000082240371e-09,1.000000082240371e-09,0.48121182567763754,1.000000082240371e-09,-3.373675667878129,tensor(0.0293),1.029759767134605
11100,48.21550750732422,1.000000082240371e-09,1.000000082240371e-09,1.000000082240371e-09,-20.72326583694641,1.000000082240371e-09,-20.72326583694641,-6.90775527831547,,
11200,49.30552673339844,1.000000082240371e-09,1.000000082240371e-09,1.000000082240371e-09,1.000000082240371e-09,-20.72326583694641,1.000000082240371e-09,-3.453877638657735,,
11300,40.17332458496094,-20.72326583694641,1.000000082240371e-09,1.000000082240371e-09,1.000000082240371e-09,1.000000082240371e-09,1.000000082240371e-09,-3.453877638657735,,
11400,43.954463958740234,1.000000082240371e-09,1.000000082240371e-09,1.000000082240371e-09,1.000000082240371e-09,-20.72326583694641,1.000000082240371e-09,-3.453877638657735,,
11500,47.077911376953125,-20.72326583694641,1.000000082240371e-09,1.000000082240371e-09,1.000000082240371e-09,1.000000082240371e-09,1.000000082240371e-09,-3.453877638657735,,
11600,43.1549072265625,9.999998601957662e-10,1.000000082240371e-09,0.6931471810599453,-20.72326583694641,1.000000082240371e-09,1.000000082240371e-09,-3.3383531086477443,,
11700,48.93537139892578,1.000000082240371e-09,1.000000082240371e-09,0.48121182567763754,-20.72326583694641,0.34657359098707957,1.000000082240371e-09,-3.315913402880282,,
11800,40.69063949584961,-20.723265644650162,1.000000082240371e-09,1.000000082240371e-09,1.000000082240371e-09,1.000000082240371e-09,1.000000082240371e-09,-3.4538776066083603,,
11900,44.58940887451172,1.000000082240371e-09,-20.72326583694641,1.000000082240371e-09,1.000000082240371e-09,1.000000082240371e-09,1.000000082240371e-09,-3.453877638657735,,
12000,41.25367736816406,1.000000082240371e-09,1.000000082240371e-09,1.000000082240371e-09,1.000000082240371e-09,1.000000082240371e-09,1.000000082240371e-09,1.000000082240371e-09,tensor(0.0293),1.029762703714733
12100,50.246559143066406,1.000000082240371e-09,1.000000082240371e-09,1.000000082240371e-09,-20.72326583694641,1.000000082240371e-09,1.000000082240371e-09,-3.453877638657735,,
12200,45.23359680175781,-20.72326583694641,1.000000082240371e-09,1.000000082240371e-09,1.000000082240371e-09,-20.72326583694641,1.000000082240371e-09,-6.907755278315471,,
12300,41.144161224365234,1.000000082240371e-09,1.000000082240371e-09,0.48121182567763754,-20.72326583694641,1.000000082240371e-09,1.000000082240371e-09,-3.373675667878129,,
12400,50.17634201049805,9.999998601957662e-10,1.000000082240371e-09,1.000000082240371e-09,0.48121182567763754,1.000000082240371e-09,1.000000082240371e-09,0.0802019717796063,,
12500,45.7922477722168,1.000000082240371e-09,1.000000082240371e-09,-20.72326583694641,1.000000082240371e-09,-20.72326583694641,9.999998601957662e-10,-6.907755278315471,,
12600,50.76289749145508,1.000000082240371e-09,9.999998601957662e-10,0.48121182567763754,1.000000082240371e-09,0.48121182567763754,1.000000082240371e-09,0.16040394255921253,,
12700,42.59402847290039,1.000000082240371e-09,-20.72326583694641,1.000000082240371e-09,1.000000082240371e-09,1.000000082240371e-09,1.000000082240371e-09,-3.453877638657735,,
12800,39.30296325683594,1.000000082240371e-09,1.000000082240371e-09,1.000000082240371e-09,0.48121182567763754,1.000000082240371e-09,1.000000082240371e-09,0.08020197177960632,,
12900,46.41095733642578,1.000000082240371e-09,1.000000082240371e-09,1.000000082240371e-09,1.000000082240371e-09,0.48121182567763754,1.000000082240371e-09,0.08020197177960632,,
13000,46.333404541015625,1.000000082240371e-09,-20.72326583694641,1.000000082240371e-09,-20.72326583694641,1.000000082240371e-09,-20.72326583694641,-10.361632917973205,tensor(0.0290),1.0294737563604561
13100,40.48820877075195,1.000000082240371e-09,1.000000082240371e-09,1.000000082240371e-09,1.000000082240371e-09,1.000000082240371e-09,-20.723265644650162,-3.4538776066083603,,
13200,45.21156311035156,1.000000082240371e-09,1.000000082240371e-09,-20.72326583694641,1.000000082240371e-09,1.000000082240371e-09,1.000000082240371e-09,-3.453877638657735,,
13300,50.56423568725586,1.000000082240371e-09,1.000000082240371e-09,-20.72326583694641,-20.72326583694641,1.000000082240371e-09,1.000000082240371e-09,-6.907755278315471,,
13400,37.052879333496094,1.000000082240371e-09,-20.72326583694641,1.000000082240371e-09,1.000000082240371e-09,1.000000082240371e-09,1.000000082240371e-09,-3.453877638657735,,
13500,43.752498626708984,1.000000082240371e-09,1.000000082240371e-09,1.000000082240371e-09,1.000000082240371e-09,1.000000082240371e-09,9.999998601957662e-10,1.0000000452329367e-09,,
13600,41.884376525878906,1.000000082240371e-09,1.000000082240371e-09,1.000000082240371e-09,1.000000082240371e-09,1.000000082240371e-09,-20.72326583694641,-3.453877638657735,,
13700,44.448509216308594,1.000000082240371e-09,1.000000082240371e-09,1.000000082240371e-09,1.000000082240371e-09,-20.72326583694641,-20.723265644650162,-6.907755246266095,,
13800,42.68038558959961,1.000000082240371e-09,1.000000082240371e-09,1.000000082240371e-09,1.000000082240371e-09,-20.72326583694641,-20.72326583694641,-6.90775527831547,,
13900,44.82755661010742,-20.72326583694641,1.000000082240371e-09,-20.72326583694641,1.000000082240371e-09,1.000000082240371e-09,-20.723265644650162,-10.36163288592383,,
14000,44.58670425415039,1.000000082240371e-09,1.000000082240371e-09,1.000000082240371e-09,0.48121182567763754,1.000000082240371e-09,1.000000082240371e-09,0.08020197177960632,tensor(0.0285),1.0289197581857343
14100,43.04905319213867,-20.72326583694641,1.000000082240371e-09,1.000000082240371e-09,1.000000082240371e-09,1.000000082240371e-09,9.999998601957662e-10,-3.453877638657735,,
14200,47.924259185791016,-20.72326583694641,1.000000082240371e-09,1.000000082240371e-09,0.48121182567763754,1.000000082240371e-09,1.000000082240371e-09,-3.373675667878129,,
14300,45.166507720947266,9.999998601957662e-10,1.000000082240371e-09,1.000000082240371e-09,1.000000082240371e-09,1.000000082240371e-09,1.000000082240371e-09,1.0000000452329367e-09,,
14400,43.46331787109375,1.000000082240371e-09,1.000000082240371e-09,1.000000082240371e-09,0.48121182567763754,1.000000082240371e-09,-20.72326583694641,-3.373675667878129,,
14500,46.77286148071289,9.999998601957662e-10,1.000000082240371e-09,1.000000082240371e-09,1.000000082240371e-09,-20.72326583694641,1.000000082240371e-09,-3.453877638657735,,
14600,46.60972595214844,1.000000082240371e-09,-20.72326583694641,1.000000082240371e-09,1.000000082240371e-09,1.000000082240371e-09,1.000000082240371e-09,-3.453877638657735,,
14700,40.96916580200195,1.000000082240371e-09,1.000000082240371e-09,1.000000082240371e-09,1.000000082240371e-09,1.000000082240371e-09,1.000000082240371e-09,1.000000082240371e-09,,
14800,44.61616897583008,1.000000082240371e-09,1.000000082240371e-09,-20.72326583694641,1.000000082240371e-09,1.000000082240371e-09,1.000000082240371e-09,-3.453877638657735,,
14900,40.02091979980469,9.999998601957662e-10,1.000000082240371e-09,1.000000082240371e-09,1.000000082240371e-09,-20.72326583694641,1.000000082240371e-09,-3.453877638657735,,
15000,40.26457977294922,1.000000082240371e-09,1.000000082240371e-09,0.48121182567763754,1.000000082240371e-09,-20.72326583694641,1.000000082240371e-09,-3.373675667878129,tensor(0.0285),1.0289190356608144
15100,44.99799346923828,1.000000082240371e-09,1.000000082240371e-09,1.000000082240371e-09,-20.72326583694641,1.000000082240371e-09,1.000000082240371e-09,-3.453877638657735,,
15200,37.452911376953125,-20.72326583694641,1.000000082240371e-09,0.48121182567763754,1.000000082240371e-09,-20.72326583694641,-20.72326583694641,-10.281430947193599,,
15300,47.782169342041016,1.000000082240371e-09,1.000000082240371e-09,1.000000082240371e-09,1.000000082240371e-09,-20.72326583694641,1.000000082240371e-09,-3.453877638657735,,
15400,32.382938385009766,9.999998601957662e-10,1.000000082240371e-09,1.000000082240371e-09,1.000000082240371e-09,-20.72326583694641,-20.72326583694641,-6.90775527831547,,
15500,53.94987106323242,1.000000082240371e-09,1.000000082240371e-09,1.000000082240371e-09,1.000000082240371e-09,1.000000082240371e-09,1.000000082240371e-09,1.000000082240371e-09,,
15600,43.73918914794922,1.000000082240371e-09,1.000000082240371e-09,1.000000082240371e-09,1.000000082240371e-09,1.000000082240371e-09,1.000000082240371e-09,1.000000082240371e-09,,
15700,42.37183380126953,1.000000082240371e-09,-20.72326583694641,1.000000082240371e-09,1.000000082240371e-09,1.000000082240371e-09,-20.72326583694641,-6.90775527831547,,
15800,39.09384536743164,-20.72326583694641,1.000000082240371e-09,1.000000082240371e-09,0.48121182567763754,-20.72326583694641,1.000000082240371e-09,-6.827553307535864,,
15900,43.799415588378906,1.000000082240371e-09,1.000000082240371e-09,1.000000082240371e-09,1.000000082240371e-09,-20.72326583694641,1.000000082240371e-09,-3.453877638657735,,
16000,46.69816207885742,1.000000082240371e-09,1.000000082240371e-09,1.000000082240371e-09,1.000000082240371e-09,1.000000082240371e-09,1.000000082240371e-09,1.000000082240371e-09,tensor(0.0285),1.028890731098429
16100,53.76778030395508,-20.72326583694641,1.000000082240371e-09,1.000000082240371e-09,1.000000082240371e-09,1.000000082240371e-09,1.000000082240371e-09,-3.453877638657735,,
16200,42.068702697753906,1.000000082240371e-09,1.000000082240371e-09,1.000000082240371e-09,0.48121182567763754,1.000000082240371e-09,1.000000082240371e-09,0.08020197177960632,,
16300,44.49722671508789,-20.72326583694641,1.000000082240371e-09,1.000000082240371e-09,1.000000082240371e-09,-20.72326583694641,1.000000082240371e-09,-6.907755278315471,,
16400,32.18913650512695,1.000000082240371e-09,9.999998601957662e-10,1.000000082240371e-09,1.000000082240371e-09,1.000000082240371e-09,-20.72326583694641,-3.453877638657735,,
16500,42.94928741455078,1.000000082240371e-09,1.000000082240371e-09,1.000000082240371e-09,1.000000082240371e-09,1.000000082240371e-09,1.000000082240371e-09,1.000000082240371e-09,,
16600,38.75009536743164,1.000000082240371e-09,1.000000082240371e-09,1.000000082240371e-09,1.000000082240371e-09,1.000000082240371e-09,1.000000082240371e-09,1.000000082240371e-09,,
16700,45.3452262878418,1.000000082240371e-09,-20.72326583694641,1.000000082240371e-09,1.000000082240371e-09,1.000000082240371e-09,1.000000082240371e-09,-3.453877638657735,,
16800,44.34013748168945,1.000000082240371e-09,1.000000082240371e-09,1.000000082240371e-09,-20.72326583694641,1.000000082240371e-09,1.000000082240371e-09,-3.453877638657735,,
16900,44.458091735839844,1.000000082240371e-09,-20.72326583694641,0.6931471810599453,-20.72326583694641,1.000000082240371e-09,1.000000082240371e-09,-6.792230748305481,,
17000,48.544952392578125,1.000000082240371e-09,1.000000082240371e-09,-20.72326583694641,1.000000082240371e-09,1.000000082240371e-09,1.000000082240371e-09,-3.453877638657735,tensor(0.0281),1.0285478667674768
17100,44.53928756713867,1.000000082240371e-09,1.000000082240371e-09,1.000000082240371e-09,-20.72326583694641,1.000000082240371e-09,1.000000082240371e-09,-3.453877638657735,,
17200,48.70997619628906,-20.72326583694641,1.000000082240371e-09,1.000000082240371e-09,1.000000082240371e-09,1.000000082240371e-09,1.000000082240371e-09,-3.453877638657735,,
17300,50.47456359863281,1.000000082240371e-09,1.000000082240371e-09,1.000000082240371e-09,1.000000082240371e-09,0.48121182567763754,-20.723265644650162,-3.373675635828754,,
17400,45.20812225341797,-20.72326583694641,-20.72326583694641,1.000000082240371e-09,1.000000082240371e-09,1.000000082240371e-09,-20.72326583694641,-10.361632917973207,,
17500,40.36940383911133,-20.72326583694641,1.000000082240371e-09,-20.72326583694641,1.000000082240371e-09,1.000000082240371e-09,1.000000082240371e-09,-6.907755278315471,,
17600,53.9129638671875,1.000000082240371e-09,1.000000082240371e-09,1.000000082240371e-09,1.000000082240371e-09,1.000000082240371e-09,1.000000082240371e-09,1.000000082240371e-09,,
17700,35.59395980834961,-20.72326583694641,1.000000082240371e-09,1.000000082240371e-09,-20.72326583694641,-20.72326583694641,1.000000082240371e-09,-10.361632917973205,,
17800,37.16819381713867,1.000000082240371e-09,1.000000082240371e-09,1.000000082240371e-09,1.000000082240371e-09,1.000000082240371e-09,-20.72326583694641,-3.453877638657735,,
17900,49.45706558227539,1.000000082240371e-09,-20.72326583694641,-20.72326583694641,1.000000082240371e-09,-20.72326583694641,1.000000082240371e-09,-10.361632917973205,,
18000,46.59033966064453,1.000000082240371e-09,1.000000082240371e-09,1.000000082240371e-09,1.000000082240371e-09,1.000000082240371e-09,1.000000082240371e-09,1.000000082240371e-09,tensor(0.0283),1.0287241813535244
18100,44.713138580322266,-20.72326583694641,1.000000082240371e-09,1.000000082240371e-09,-20.72326583694641,1.000000082240371e-09,-20.72326583694641,-10.361632917973205,,
18200,45.30971908569336,1.000000082240371e-09,-20.72326583694641,1.000000082240371e-09,1.000000082240371e-09,1.000000082240371e-09,1.000000082240371e-09,-3.453877638657735,,
18300,41.58080291748047,1.000000082240371e-09,1.000000082240371e-09,1.000000082240371e-09,0.48121182567763754,1.000000082240371e-09,1.000000082240371e-09,0.08020197177960632,,
18400,41.55363464355469,1.000000082240371e-09,1.000000082240371e-09,1.000000082240371e-09,-20.72326583694641,1.000000082240371e-09,1.000000082240371e-09,-3.453877638657735,,
18500,45.71126174926758,1.000000082240371e-09,9.999998601957662e-10,1.000000082240371e-09,-20.72326583694641,0.48121182567763754,1.000000082240371e-09,-3.373675667878129,,
18600,47.436553955078125,1.000000082240371e-09,1.000000082240371e-09,1.000000082240371e-09,-20.72326583694641,-20.72326583694641,-20.723265644650162,-10.36163288592383,,
18700,43.95100021362305,-20.72326583694641,1.000000082240371e-09,1.000000082240371e-09,1.000000082240371e-09,1.000000082240371e-09,9.999998601957662e-10,-3.453877638657735,,
18800,40.35567092895508,-20.72326583694641,1.000000082240371e-09,1.000000082240371e-09,1.000000082240371e-09,1.000000082240371e-09,1.000000082240371e-09,-3.453877638657735,,
18900,38.62799072265625,1.000000082240371e-09,-20.72326583694641,-20.72326583694641,-20.72326583694641,1.000000082240371e-09,1.000000082240371e-09,-10.361632917973205,,
19000,40.764007568359375,1.000000082240371e-09,1.000000082240371e-09,1.000000082240371e-09,-20.72326583694641,-20.72326583694641,-20.72326583694641,-10.361632917973205,tensor(0.0279),1.0282880301469028
19100,40.802040100097656,1.000000082240371e-09,1.000000082240371e-09,1.000000082240371e-09,1.000000082240371e-09,1.000000082240371e-09,-20.72326583694641,-3.453877638657735,,
19200,43.3348274230957,-20.723265644650162,1.000000082240371e-09,0.48121182567763754,-20.72326583694641,-20.72326583694641,-20.72326583694641,-13.73530855480196,,
19300,47.66119384765625,-20.72326583694641,1.000000082240371e-09,1.000000082240371e-09,1.000000082240371e-09,1.000000082240371e-09,1.000000082240371e-09,-3.453877638657735,,
19400,30.701032638549805,-20.72326583694641,1.000000082240371e-09,1.000000082240371e-09,1.000000082240371e-09,1.000000082240371e-09,1.000000082240371e-09,-3.453877638657735,,
19500,42.899635314941406,-20.72326583694641,-20.72326583694641,-20.72326583694641,-20.72326583694641,0.48121182567763754,9.999998601957662e-10,-13.735308586851334,,
19600,45.43332290649414,1.000000082240371e-09,9.999998601957662e-10,1.000000082240371e-09,1.000000082240371e-09,1.000000082240371e-09,1.000000082240371e-09,1.0000000452329367e-09,,
19700,35.77375793457031,-20.723265644650162,-20.72326583694641,0.6931471810599453,1.000000082240371e-09,1.000000082240371e-09,1.000000082240371e-09,-6.792230716256107,,
19800,49.14998245239258,1.000000082240371e-09,1.000000082240371e-09,1.000000082240371e-09,1.000000082240371e-09,1.000000082240371e-09,1.000000082240371e-09,1.000000082240371e-09,,
19900,38.9106559753418,1.000000082240371e-09,1.000000082240371e-09,-20.72326583694641,1.000000082240371e-09,1.000000082240371e-09,1.000000082240371e-09,-3.453877638657735,,
20000,42.037052154541016,1.000000082240371e-09,1.000000082240371e-09,1.000000082240371e-09,1.000000082240371e-09,1.000000082240371e-09,1.000000082240371e-09,1.000000082240371e-09,tensor(0.0278),1.0281789326666013
20100,46.19855880737305,1.000000082240371e-09,-20.72326583694641,1.000000082240371e-09,-20.72326583694641,1.000000082240371e-09,1.000000082240371e-09,-6.907755278315471,,
20200,43.77915954589844,1.000000082240371e-09,-20.72326583694641,1.000000082240371e-09,1.000000082240371e-09,1.000000082240371e-09,1.000000082240371e-09,-3.453877638657735,,
20300,49.3658332824707,1.000000082240371e-09,1.000000082240371e-09,1.000000082240371e-09,1.000000082240371e-09,1.000000082240371e-09,-20.72326583694641,-3.453877638657735,,
20400,52.476985931396484,1.000000082240371e-09,-20.72326583694641,1.000000082240371e-09,1.000000082240371e-09,1.000000082240371e-09,1.000000082240371e-09,-3.453877638657735,,
20500,38.28498840332031,-20.723265644650162,1.000000082240371e-09,1.000000082240371e-09,1.000000082240371e-09,1.000000082240371e-09,1.000000082240371e-09,-3.4538776066083603,,
20600,51.11084747314453,1.000000082240371e-09,1.000000082240371e-09,1.000000082240371e-09,1.000000082240371e-09,1.000000082240371e-09,1.000000082240371e-09,1.000000082240371e-09,,
20700,38.4808464050293,1.000000082240371e-09,1.000000082240371e-09,1.000000082240371e-09,1.000000082240371e-09,1.000000082240371e-09,1.000000082240371e-09,1.000000082240371e-09,,
20800,41.45705032348633,1.000000082240371e-09,1.000000082240371e-09,1.000000082240371e-09,1.000000082240371e-09,1.000000082240371e-09,1.000000082240371e-09,1.000000082240371e-09,,
20900,47.73468780517578,1.000000082240371e-09,1.000000082240371e-09,1.000000082240371e-09,1.000000082240371e-09,1.000000082240371e-09,1.000000082240371e-09,1.000000082240371e-09,,
21000,46.05021667480469,1.000000082240371e-09,9.999998601957662e-10,1.000000082240371e-09,1.000000082240371e-09,-20.72326583694641,1.000000082240371e-09,-3.453877638657735,tensor(0.0277),1.0280725793688923
21100,42.77851867675781,1.000000082240371e-09,-20.72326583694641,1.000000082240371e-09,1.000000082240371e-09,1.000000082240371e-09,-20.72326583694641,-6.90775527831547,,
21200,51.925106048583984,1.000000082240371e-09,1.000000082240371e-09,-20.72326583694641,1.000000082240371e-09,1.000000082240371e-09,1.000000082240371e-09,-3.453877638657735,,
21300,40.22856521606445,1.000000082240371e-09,1.000000082240371e-09,-20.72326583694641,-20.72326583694641,1.000000082240371e-09,1.000000082240371e-09,-6.907755278315471,,
21400,49.825889587402344,1.000000082240371e-09,-20.72326583694641,1.000000082240371e-09,1.000000082240371e-09,0.48121182567763754,1.000000082240371e-09,-3.373675667878129,,
21500,39.491512298583984,1.000000082240371e-09,-20.72326583694641,1.000000082240371e-09,-20.72326583694641,1.000000082240371e-09,-20.72326583694641,-10.361632917973205,,
21600,34.03738021850586,-20.723265644650162,1.000000082240371e-09,1.000000082240371e-09,1.000000082240371e-09,1.000000082240371e-09,1.000000082240371e-09,-3.4538776066083603,,
21700,47.425235748291016,1.000000082240371e-09,1.000000082240371e-09,1.000000082240371e-09,1.000000082240371e-09,1.000000082240371e-09,-20.72326583694641,-3.453877638657735,,
21800,50.62537384033203,-20.72326583694641,9.999998601957662e-10,1.000000082240371e-09,1.000000082240371e-09,1.000000082240371e-09,1.000000082240371e-09,-3.453877638657735,,
21900,46.19106674194336,1.000000082240371e-09,-20.72326583694641,1.000000082240371e-09,1.000000082240371e-09,0.48121182567763754,1.000000082240371e-09,-3.373675667878129,,
22000,48.88688659667969,1.000000082240371e-09,9.999998601957662e-10,1.000000082240371e-09,1.000000082240371e-09,0.48121182567763754,1.000000082240371e-09,0.0802019717796063,tensor(0.0273),1.0276923150160329
22100,44.472633361816406,1.000000082240371e-09,-20.72326583694641,1.000000082240371e-09,1.000000082240371e-09,0.48121182567763754,1.000000082240371e-09,-3.373675667878129,,
22200,42.8145866394043,1.000000082240371e-09,1.000000082240371e-09,1.000000082240371e-09,-20.72326583694641,1.000000082240371e-09,1.000000082240371e-09,-3.453877638657735,,
22300,52.09235382080078,-20.72326583694641,1.000000082240371e-09,1.000000082240371e-09,1.000000082240371e-09,0.48121182567763754,-20.723265644650162,-6.82755327548649,,
22400,45.11375045776367,1.000000082240371e-09,1.000000082240371e-09,0.48121182567763754,1.000000082240371e-09,1.000000082240371e-09,1.000000082240371e-09,0.08020197177960632,,
22500,37.581756591796875,-20.72326583694641,-20.72326583694641,1.000000082240371e-09,1.000000082240371e-09,1.000000082240371e-09,1.000000082240371e-09,-6.907755278315473,,
22600,53.77525329589844,-20.72326583694641,1.000000082240371e-09,1.000000082240371e-09,0.34657359098707957,1.000000082240371e-09,1.000000082240371e-09,-3.3961153736598884,,
22700,44.33140182495117,1.000000082240371e-09,1.000000082240371e-09,1.000000082240371e-09,1.000000082240371e-09,-20.72326583694641,1.000000082240371e-09,-3.453877638657735,,
22800,39.436485290527344,1.000000082240371e-09,1.000000082240371e-09,0.48121182567763754,-20.72326583694641,1.000000082240371e-09,1.000000082240371e-09,-3.373675667878129,,
22900,35.42770004272461,1.000000082240371e-09,1.000000082240371e-09,1.000000082240371e-09,1.000000082240371e-09,1.000000082240371e-09,-20.72326583694641,-3.453877638657735,,
23000,45.81789016723633,1.000000082240371e-09,1.000000082240371e-09,-20.72326583694641,1.000000082240371e-09,0.48121182567763754,1.000000082240371e-09,-3.373675667878129,tensor(0.0270),1.0274045973454309
23100,39.298309326171875,1.000000082240371e-09,1.000000082240371e-09,1.000000082240371e-09,-20.72326583694641,1.000000082240371e-09,1.000000082240371e-09,-3.453877638657735,,
23200,48.538387298583984,9.999998601957662e-10,-20.72326583694641,-20.72326583694641,1.000000082240371e-09,0.48121182567763754,1.000000082240371e-09,-6.827553307535864,,
23300,40.668701171875,1.000000082240371e-09,1.000000082240371e-09,1.000000082240371e-09,-20.72326583694641,1.000000082240371e-09,1.000000082240371e-09,-3.453877638657735,,
23400,53.73857879638672,1.000000082240371e-09,1.000000082240371e-09,1.000000082240371e-09,1.000000082240371e-09,1.000000082240371e-09,1.000000082240371e-09,1.000000082240371e-09,,
23500,37.398128509521484,1.000000082240371e-09,1.000000082240371e-09,1.000000082240371e-09,1.000000082240371e-09,-20.72326583694641,1.000000082240371e-09,-3.453877638657735,,
23600,46.67631912231445,1.000000082240371e-09,-20.72326583694641,1.000000082240371e-09,1.000000082240371e-09,1.000000082240371e-09,9.999998601957662e-10,-3.453877638657735,,
23700,42.7012825012207,1.000000082240371e-09,1.000000082240371e-09,1.000000082240371e-09,1.000000082240371e-09,-20.72326583694641,1.000000082240371e-09,-3.453877638657735,,
23800,34.0135383605957,1.000000082240371e-09,1.000000082240371e-09,-20.72326583694641,1.000000082240371e-09,1.000000082240371e-09,1.000000082240371e-09,-3.453877638657735,,
23900,45.58301544189453,1.000000082240371e-09,1.000000082240371e-09,1.000000082240371e-09,0.48121182567763754,1.000000082240371e-09,1.000000082240371e-09,0.08020197177960632,,
24000,42.987003326416016,1.000000082240371e-09,1.000000082240371e-09,0.48121182567763754,0.48121182567763754,1.000000082240371e-09,1.000000082240371e-09,0.16040394255921256,tensor(0.0271),1.02745151061778
24100,39.595333099365234,1.000000082240371e-09,1.000000082240371e-09,1.000000082240371e-09,1.000000082240371e-09,1.000000082240371e-09,1.000000082240371e-09,1.000000082240371e-09,,
24200,40.371490478515625,1.000000082240371e-09,9.999998601957662e-10,1.000000082240371e-09,1.000000082240371e-09,1.000000082240371e-09,1.000000082240371e-09,1.0000000452329367e-09,,
24300,44.584991455078125,1.000000082240371e-09,1.000000082240371e-09,1.000000082240371e-09,1.000000082240371e-09,-20.72326583694641,1.000000082240371e-09,-3.453877638657735,,
24400,35.208377838134766,1.000000082240371e-09,1.000000082240371e-09,1.000000082240371e-09,-20.72326583694641,0.48121182567763754,1.000000082240371e-09,-3.373675667878129,,
24500,44.64218521118164,-20.723265644650162,1.000000082240371e-09,-20.72326583694641,-20.72326583694641,1.000000082240371e-09,1.000000082240371e-09,-10.361632885923832,,
24600,45.93512725830078,1.000000082240371e-09,1.000000082240371e-09,1.000000082240371e-09,0.48121182567763754,1.000000082240371e-09,-20.72326583694641,-3.373675667878129,,
24700,45.92469024658203,-20.72326583694641,1.000000082240371e-09,1.000000082240371e-09,1.000000082240371e-09,1.000000082240371e-09,1.000000082240371e-09,-3.453877638657735,,
24800,43.683448791503906,1.000000082240371e-09,1.000000082240371e-09,1.000000082240371e-09,1.000000082240371e-09,1.000000082240371e-09,9.999998601957662e-10,1.0000000452329367e-09,,
24900,41.08543395996094,1.000000082240371e-09,1.000000082240371e-09,1.000000082240371e-09,-20.72326583694641,1.000000082240371e-09,1.000000082240371e-09,-3.453877638657735,,
25000,42.13595199584961,1.000000082240371e-09,1.000000082240371e-09,0.48121182567763754,1.000000082240371e-09,1.000000082240371e-09,-20.72326583694641,-3.373675667878129,tensor(0.0272),1.0276215599980687
25100,44.232662200927734,1.000000082240371e-09,1.000000082240371e-09,-20.72326583694641,1.000000082240371e-09,1.000000082240371e-09,-20.72326583694641,-6.90775527831547,,
25200,53.002838134765625,-20.72326583694641,1.000000082240371e-09,1.000000082240371e-09,1.000000082240371e-09,-20.72326583694641,-20.72326583694641,-10.361632917973205,,
25300,40.8664665222168,1.000000082240371e-09,1.000000082240371e-09,1.000000082240371e-09,-20.72326583694641,1.000000082240371e-09,1.000000082240371e-09,-3.453877638657735,,
25400,48.93441390991211,1.000000082240371e-09,1.000000082240371e-09,-20.72326583694641,0.48121182567763754,1.000000082240371e-09,1.000000082240371e-09,-3.373675667878129,,
25500,52.8030891418457,1.000000082240371e-09,1.000000082240371e-09,1.000000082240371e-09,1.000000082240371e-09,1.000000082240371e-09,-20.72326583694641,-3.453877638657735,,
25600,40.699623107910156,-20.723265644650162,1.000000082240371e-09,1.000000082240371e-09,1.000000082240371e-09,0.48121182567763754,1.000000082240371e-09,-3.373675635828754,,
25700,28.766342163085938,1.000000082240371e-09,1.000000082240371e-09,-20.72326583694641,0.48121182567763754,1.000000082240371e-09,1.000000082240371e-09,-3.373675667878129,,
25800,44.456233978271484,-20.72326583694641,1.000000082240371e-09,1.000000082240371e-09,1.000000082240371e-09,0.34657359098707957,9.999998601957662e-10,-3.3961153736598884,,
25900,40.17005920410156,1.000000082240371e-09,-20.72326583694641,1.000000082240371e-09,1.000000082240371e-09,-20.72326583694641,-20.72326583694641,-10.361632917973205,,
26000,35.466007232666016,-20.72326583694641,-20.72326583694641,1.000000082240371e-09,1.000000082240371e-09,-20.72326583694641,1.000000082240371e-09,-10.361632917973207,tensor(0.0269),1.0272265018098865
26100,40.13650131225586,1.000000082240371e-09,1.000000082240371e-09,1.000000082240371e-09,1.000000082240371e-09,1.000000082240371e-09,1.000000082240371e-09,1.000000082240371e-09,,
26200,41.76152420043945,1.000000082240371e-09,-20.72326583694641,1.000000082240371e-09,1.000000082240371e-09,0.48121182567763754,1.000000082240371e-09,-3.373675667878129,,
26300,41.83124542236328,1.000000082240371e-09,1.000000082240371e-09,1.000000082240371e-09,-20.72326583694641,1.000000082240371e-09,-20.72326583694641,-6.90775527831547,,
26400,45.79856491088867,1.000000082240371e-09,1.000000082240371e-09,1.000000082240371e-09,1.000000082240371e-09,1.000000082240371e-09,-20.72326583694641,-3.453877638657735,,
26500,47.3447151184082,1.000000082240371e-09,-20.72326583694641,1.000000082240371e-09,0.48121182567763754,1.000000082240371e-09,-20.72326583694641,-6.827553307535864,,
26600,47.2064094543457,1.000000082240371e-09,-20.72326583694641,1.000000082240371e-09,1.000000082240371e-09,1.000000082240371e-09,1.000000082240371e-09,-3.453877638657735,,
26700,36.79786682128906,1.000000082240371e-09,1.000000082240371e-09,1.000000082240371e-09,1.000000082240371e-09,1.000000082240371e-09,1.000000082240371e-09,1.000000082240371e-09,,
26800,41.959205627441406,1.000000082240371e-09,1.000000082240371e-09,-20.72326583694641,1.000000082240371e-09,1.000000082240371e-09,1.000000082240371e-09,-3.453877638657735,,
26900,37.16552734375,1.000000082240371e-09,9.999998601957662e-10,1.000000082240371e-09,1.000000082240371e-09,1.000000082240371e-09,1.000000082240371e-09,1.0000000452329367e-09,,
27000,49.4146842956543,1.000000082240371e-09,-20.72326583694641,1.000000082240371e-09,1.000000082240371e-09,-20.72326583694641,1.000000082240371e-09,-6.907755278315471,tensor(0.0266),1.0269410970837043
27100,42.612552642822266,-20.72326583694641,-20.723265644650162,1.000000082240371e-09,1.000000082240371e-09,-20.72326583694641,1.000000082240371e-09,-10.361632885923832,,
27200,38.35022735595703,-20.72326583694641,1.000000082240371e-09,1.000000082240371e-09,0.48121182567763754,0.48121182567763754,1.000000082240371e-09,-3.293473697098523,,
27300,49.93370819091797,1.000000082240371e-09,1.000000082240371e-09,1.000000082240371e-09,0.34657359098707957,0.34657359098707957,1.000000082240371e-09,0.11552453099569325,,
27400,43.511268615722656,1.000000082240371e-09,1.000000082240371e-09,-20.72326583694641,1.000000082240371e-09,1.000000082240371e-09,1.000000082240371e-09,-3.453877638657735,,
27500,45.31184768676758,1.000000082240371e-09,1.000000082240371e-09,-20.72326583694641,1.000000082240371e-09,1.000000082240371e-09,1.000000082240371e-09,-3.453877638657735,,
27600,40.072837829589844,1.000000082240371e-09,1.000000082240371e-09,1.000000082240371e-09,0.48121182567763754,0.48121182567763754,1.000000082240371e-09,0.16040394255921256,,
27700,43.1235237121582,1.000000082240371e-09,-20.72326583694641,0.48121182567763754,1.000000082240371e-09,0.48121182567763754,-20.72326583694641,-6.747351336756258,,
27800,37.92026901245117,1.000000082240371e-09,1.000000082240371e-09,1.000000082240371e-09,1.000000082240371e-09,0.48121182567763754,1.000000082240371e-09,0.08020197177960632,,
27900,47.672264099121094,1.000000082240371e-09,1.000000082240371e-09,1.000000082240371e-09,1.000000082240371e-09,0.48121182567763754,1.000000082240371e-09,0.08020197177960632,,
28000,47.734962463378906,1.000000082240371e-09,1.000000082240371e-09,1.000000082240371e-09,1.000000082240371e-09,0.34657359098707957,1.000000082240371e-09,0.05776226599784667,tensor(0.0269),1.0272330149027349
28100,40.66131591796875,1.000000082240371e-09,1.000000082240371e-09,1.000000082240371e-09,1.000000082240371e-09,1.000000082240371e-09,1.000000082240371e-09,1.000000082240371e-09,,
28200,44.834800720214844,-20.72326583694641,1.000000082240371e-09,1.000000082240371e-09,1.000000082240371e-09,1.000000082240371e-09,1.000000082240371e-09,-3.453877638657735,,
28300,42.69108200073242,1.000000082240371e-09,-20.72326583694641,-20.72326583694641,1.000000082240371e-09,0.34657359098707957,1.000000082240371e-09,-6.849993013317625,,
28400,43.4756965637207,1.000000082240371e-09,9.999998601957662e-10,1.000000082240371e-09,1.000000082240371e-09,-20.72326583694641,1.000000082240371e-09,-3.453877638657735,,
28500,44.38882827758789,1.000000082240371e-09,1.000000082240371e-09,1.000000082240371e-09,-20.72326583694641,1.000000082240371e-09,1.000000082240371e-09,-3.453877638657735,,
28600,48.843833923339844,1.000000082240371e-09,-20.72326583694641,1.000000082240371e-09,0.48121182567763754,1.000000082240371e-09,1.000000082240371e-09,-3.373675667878129,,
28700,40.673946380615234,1.000000082240371e-09,1.000000082240371e-09,1.000000082240371e-09,1.000000082240371e-09,1.000000082240371e-09,9.999998601957662e-10,1.0000000452329367e-09,,
28800,46.622398376464844,1.000000082240371e-09,1.000000082240371e-09,1.000000082240371e-09,1.000000082240371e-09,1.000000082240371e-09,1.000000082240371e-09,1.000000082240371e-09,,
28900,39.212467193603516,-20.72326583694641,1.000000082240371e-09,1.000000082240371e-09,1.000000082240371e-09,-20.72326583694641,1.000000082240371e-09,-6.907755278315471,,
29000,46.519073486328125,1.000000082240371e-09,-20.72326583694641,1.000000082240371e-09,1.000000082240371e-09,1.000000082240371e-09,1.000000082240371e-09,-3.453877638657735,tensor(0.0266),1.0269365809094346
29100,36.589683532714844,1.000000082240371e-09,1.000000082240371e-09,1.000000082240371e-09,-20.72326583694641,0.48121182567763754,-20.72326583694641,-6.827553307535864,,
29200,42.389625549316406,1.000000082240371e-09,-20.72326583694641,-20.72326583694641,1.000000082240371e-09,1.000000082240371e-09,1.000000082240371e-09,-6.907755278315471,,
29300,38.7838249206543,1.000000082240371e-09,1.000000082240371e-09,1.000000082240371e-09,1.000000082240371e-09,-20.72326583694641,1.000000082240371e-09,-3.453877638657735,,
29400,40.62617492675781,-20.72326583694641,9.999998601957662e-10,1.000000082240371e-09,1.000000082240371e-09,0.48121182567763754,1.000000082240371e-09,-3.373675667878129,,
29500,40.4604377746582,1.000000082240371e-09,1.000000082240371e-09,1.000000082240371e-09,1.000000082240371e-09,1.000000082240371e-09,1.000000082240371e-09,1.000000082240371e-09,,
29600,43.21280288696289,-20.72326583694641,1.000000082240371e-09,1.000000082240371e-09,0.48121182567763754,1.000000082240371e-09,1.000000082240371e-09,-3.373675667878129,,
29700,39.312469482421875,1.000000082240371e-09,1.000000082240371e-09,1.000000082240371e-09,1.000000082240371e-09,1.000000082240371e-09,1.000000082240371e-09,1.000000082240371e-09,,
29800,34.0474739074707,9.999998601957662e-10,1.000000082240371e-09,1.000000082240371e-09,1.000000082240371e-09,-20.72326583694641,1.000000082240371e-09,-3.453877638657735,,
29900,38.5723762512207,1.000000082240371e-09,1.000000082240371e-09,1.000000082240371e-09,1.000000082240371e-09,1.000000082240371e-09,-20.72326583694641,-3.453877638657735,,
30000,46.83121109008789,1.000000082240371e-09,1.000000082240371e-09,1.000000082240371e-09,1.000000082240371e-09,0.48121182567763754,1.000000082240371e-09,0.08020197177960632,tensor(0.0265),1.026827043465237
30100,45.60353088378906,1.000000082240371e-09,9.999998601957662e-10,0.48121182567763754,1.000000082240371e-09,1.000000082240371e-09,1.000000082240371e-09,0.0802019717796063,,
30200,46.64729309082031,1.000000082240371e-09,1.000000082240371e-09,0.48121182567763754,1.000000082240371e-09,-20.72326583694641,1.000000082240371e-09,-3.373675667878129,,
30300,49.64384078979492,1.000000082240371e-09,9.999998601957662e-10,1.000000082240371e-09,1.000000082240371e-09,1.000000082240371e-09,1.000000082240371e-09,1.0000000452329367e-09,,
30400,51.703060150146484,1.000000082240371e-09,1.000000082240371e-09,1.000000082240371e-09,1.000000082240371e-09,1.000000082240371e-09,1.000000082240371e-09,1.000000082240371e-09,,
30500,37.027191162109375,1.000000082240371e-09,-20.72326583694641,1.000000082240371e-09,-20.72326583694641,1.000000082240371e-09,1.000000082240371e-09,-6.907755278315471,,
30600,30.531864166259766,1.000000082240371e-09,1.000000082240371e-09,1.000000082240371e-09,1.000000082240371e-09,1.000000082240371e-09,1.000000082240371e-09,1.000000082240371e-09,,
30700,51.6563835144043,1.000000082240371e-09,9.999998601957662e-10,1.000000082240371e-09,1.000000082240371e-09,1.000000082240371e-09,1.000000082240371e-09,1.0000000452329367e-09,,
30800,36.86558532714844,1.000000082240371e-09,1.000000082240371e-09,1.000000082240371e-09,1.000000082240371e-09,1.000000082240371e-09,1.000000082240371e-09,1.000000082240371e-09,,
30900,46.927242279052734,1.000000082240371e-09,1.000000082240371e-09,1.000000082240371e-09,1.000000082240371e-09,1.000000082240371e-09,1.000000082240371e-09,1.000000082240371e-09,,
31000,40.08454513549805,-20.72326583694641,1.000000082240371e-09,-20.72326583694641,1.000000082240371e-09,1.000000082240371e-09,1.000000082240371e-09,-6.907755278315471,tensor(0.0266),1.0269119842716694
31100,48.64821243286133,1.000000082240371e-09,1.000000082240371e-09,-20.72326583694641,1.000000082240371e-09,-20.72326583694641,1.000000082240371e-09,-6.907755278315471,,
31200,51.43520736694336,1.000000082240371e-09,1.000000082240371e-09,1.000000082240371e-09,1.000000082240371e-09,-20.72326583694641,1.000000082240371e-09,-3.453877638657735,,
31300,39.57417297363281,1.000000082240371e-09,-20.72326583694641,1.000000082240371e-09,1.000000082240371e-09,0.34657359098707957,1.000000082240371e-09,-3.3961153736598884,,
31400,38.30834197998047,1.000000082240371e-09,-20.72326583694641,1.000000082240371e-09,-20.72326583694641,-20.72326583694641,1.000000082240371e-09,-10.361632917973205,,
31500,43.22739028930664,1.000000082240371e-09,1.000000082240371e-09,1.000000082240371e-09,-20.72326583694641,1.000000082240371e-09,9.999998601957662e-10,-3.453877638657735,,
31600,38.21330642700195,1.000000082240371e-09,1.000000082240371e-09,-20.72326583694641,-20.72326583694641,1.000000082240371e-09,1.000000082240371e-09,-6.907755278315471,,
31700,32.44275665283203,1.000000082240371e-09,1.000000082240371e-09,-20.72326583694641,1.000000082240371e-09,1.000000082240371e-09,1.000000082240371e-09,-3.453877638657735,,
31800,44.80656433105469,1.000000082240371e-09,1.000000082240371e-09,1.000000082240371e-09,1.000000082240371e-09,1.000000082240371e-09,1.000000082240371e-09,1.000000082240371e-09,,
31900,37.8173942565918,1.000000082240371e-09,1.000000082240371e-09,0.48121182567763754,-20.72326583694641,1.000000082240371e-09,1.000000082240371e-09,-3.373675667878129,,
32000,43.32265853881836,1.000000082240371e-09,1.000000082240371e-09,1.000000082240371e-09,1.000000082240371e-09,1.000000082240371e-09,1.000000082240371e-09,1.000000082240371e-09,tensor(0.0264),1.0267990622976473
32100,38.97855758666992,1.000000082240371e-09,1.000000082240371e-09,1.000000082240371e-09,-20.72326583694641,1.000000082240371e-09,1.000000082240371e-09,-3.453877638657735,,
32200,44.0562744140625,1.000000082240371e-09,-20.72326583694641,-20.72326583694641,-20.72326583694641,0.34657359098707957,1.000000082240371e-09,-10.303870652975359,,
32300,40.33504104614258,1.000000082240371e-09,1.000000082240371e-09,-20.72326583694641,1.000000082240371e-09,1.000000082240371e-09,9.999998601957662e-10,-3.453877638657735,,
32400,43.46443176269531,-20.72326583694641,1.000000082240371e-09,-20.72326583694641,-20.72326583694641,1.000000082240371e-09,1.000000082240371e-09,-10.361632917973205,,
32500,38.15210723876953,1.000000082240371e-09,1.000000082240371e-09,1.000000082240371e-09,-20.72326583694641,1.000000082240371e-09,1.000000082240371e-09,-3.453877638657735,,
32600,39.64482116699219,1.000000082240371e-09,9.999998601957662e-10,-20.72326583694641,1.000000082240371e-09,-20.72326583694641,1.000000082240371e-09,-6.907755278315471,,
32700,38.928768157958984,1.000000082240371e-09,-20.72326583694641,-20.72326583694641,1.000000082240371e-09,0.34657359098707957,-20.72326583694641,-10.303870652975359,,
32800,44.477264404296875,1.000000082240371e-09,-20.72326583694641,1.000000082240371e-09,0.48121182567763754,0.34657359098707957,1.000000082240371e-09,-3.315913402880282,,
32900,48.947391510009766,1.000000082240371e-09,9.999998601957662e-10,1.000000082240371e-09,-20.72326583694641,1.000000082240371e-09,1.000000082240371e-09,-3.453877638657735,,
33000,49.74397277832031,-20.72326583694641,1.000000082240371e-09,1.000000082240371e-09,1.000000082240371e-09,-20.72326583694641,1.000000082240371e-09,-6.907755278315471,tensor(0.0263),1.0266095353052744
33100,41.694068908691406,1.000000082240371e-09,9.999998601957662e-10,1.000000082240371e-09,1.000000082240371e-09,1.000000082240371e-09,1.000000082240371e-09,1.0000000452329367e-09,,
33200,46.38814163208008,1.000000082240371e-09,1.000000082240371e-09,-20.72326583694641,1.000000082240371e-09,0.34657359098707957,1.000000082240371e-09,-3.3961153736598884,,
33300,45.59160232543945,1.000000082240371e-09,9.999998601957662e-10,-20.72326583694641,1.000000082240371e-09,1.000000082240371e-09,1.000000082240371e-09,-3.453877638657735,,
33400,40.86589431762695,9.999998601957662e-10,9.999998601957662e-10,-20.72326583694641,0.48121182567763754,-20.72326583694641,9.999998601957662e-10,-6.827553307535864,,
33500,45.438228607177734,1.000000082240371e-09,-20.72326583694641,1.000000082240371e-09,-20.72326583694641,-20.72326583694641,1.000000082240371e-09,-10.361632917973205,,
33600,44.4350471496582,1.000000082240371e-09,1.000000082240371e-09,1.000000082240371e-09,1.000000082240371e-09,-20.72326583694641,1.000000082240371e-09,-3.453877638657735,,
33700,41.13444137573242,1.000000082240371e-09,1.000000082240371e-09,1.000000082240371e-09,1.000000082240371e-09,1.000000082240371e-09,1.000000082240371e-09,1.000000082240371e-09,,
33800,42.543312072753906,-20.72326583694641,1.000000082240371e-09,1.000000082240371e-09,-20.72326583694641,1.000000082240371e-09,9.999998601957662e-10,-6.907755278315471,,
33900,38.581077575683594,1.000000082240371e-09,1.000000082240371e-09,1.000000082240371e-09,-20.72326583694641,1.000000082240371e-09,1.000000082240371e-09,-3.453877638657735,,
34000,41.55870819091797,-20.72326583694641,1.000000082240371e-09,0.6931471810599453,1.000000082240371e-09,1.000000082240371e-09,1.000000082240371e-09,-3.3383531086477443,tensor(0.0259),1.0262479294800912
34100,44.6434326171875,1.000000082240371e-09,1.000000082240371e-09,1.000000082240371e-09,1.000000082240371e-09,1.000000082240371e-09,1.000000082240371e-09,1.000000082240371e-09,,
34200,46.4517707824707,1.000000082240371e-09,9.999998601957662e-10,1.000000082240371e-09,1.000000082240371e-09,-20.72326583694641,-20.72326583694641,-6.90775527831547,,
34300,43.45027542114258,1.000000082240371e-09,1.000000082240371e-09,1.000000082240371e-09,1.000000082240371e-09,0.48121182567763754,1.000000082240371e-09,0.08020197177960632,,
34400,43.66481399536133,1.000000082240371e-09,1.000000082240371e-09,1.000000082240371e-09,0.34657359098707957,1.000000082240371e-09,1.000000082240371e-09,0.05776226599784667,,
34500,41.3846321105957,1.000000082240371e-09,1.000000082240371e-09,0.48121182567763754,1.000000082240371e-09,1.000000082240371e-09,1.000000082240371e-09,0.08020197177960632,,
34600,34.055450439453125,-20.72326583694641,1.000000082240371e-09,1.000000082240371e-09,-20.72326583694641,1.000000082240371e-09,1.000000082240371e-09,-6.907755278315471,,
34700,47.170230865478516,1.000000082240371e-09,1.000000082240371e-09,1.000000082240371e-09,1.000000082240371e-09,-20.72326583694641,1.000000082240371e-09,-3.453877638657735,,
34800,44.6248779296875,1.000000082240371e-09,-20.72326583694641,1.000000082240371e-09,1.000000082240371e-09,1.000000082240371e-09,1.000000082240371e-09,-3.453877638657735,,
34900,47.931644439697266,-20.72326583694641,1.000000082240371e-09,1.000000082240371e-09,1.000000082240371e-09,-20.72326583694641,1.000000082240371e-09,-6.907755278315471,,
35000,42.04518127441406,1.000000082240371e-09,1.000000082240371e-09,-20.72326583694641,1.000000082240371e-09,1.000000082240371e-09,1.000000082240371e-09,-3.453877638657735,tensor(0.0259),1.0262497377944828
35100,45.858150482177734,1.000000082240371e-09,1.000000082240371e-09,1.000000082240371e-09,1.000000082240371e-09,1.000000082240371e-09,1.000000082240371e-09,1.000000082240371e-09,,
35200,39.8994255065918,-20.72326583694641,1.000000082240371e-09,1.000000082240371e-09,-20.72326583694641,0.34657359098707957,1.000000082240371e-09,-6.849993013317625,,
35300,42.1585807800293,1.000000082240371e-09,9.999998601957662e-10,1.000000082240371e-09,1.000000082240371e-09,0.34657359098707957,1.000000082240371e-09,0.057762265997846625,,
35400,40.218570709228516,-20.72326583694641,1.000000082240371e-09,0.48121182567763754,0.48121182567763754,-20.72326583694641,1.000000082240371e-09,-6.747351336756259,,
35500,35.334739685058594,-20.72326583694641,1.000000082240371e-09,0.48121182567763754,1.000000082240371e-09,1.000000082240371e-09,1.000000082240371e-09,-3.373675667878129,,
35600,39.80439758300781,1.000000082240371e-09,1.000000082240371e-09,1.000000082240371e-09,1.000000082240371e-09,0.48121182567763754,1.000000082240371e-09,0.08020197177960632,,
35700,45.02985763549805,1.000000082240371e-09,1.000000082240371e-09,1.000000082240371e-09,0.48121182567763754,0.48121182567763754,1.000000082240371e-09,0.16040394255921256,,
35800,44.255619049072266,1.000000082240371e-09,1.000000082240371e-09,1.000000082240371e-09,0.48121182567763754,0.34657359098707957,1.000000082240371e-09,0.13796423677745293,,
35900,43.25390625,1.000000082240371e-09,9.999998601957662e-10,1.000000082240371e-09,0.48121182567763754,0.48121182567763754,1.000000082240371e-09,0.16040394255921253,,
36000,48.26546859741211,1.000000082240371e-09,-20.72326583694641,1.000000082240371e-09,1.000000082240371e-09,0.48121182567763754,-20.723265644650162,-6.82755327548649,tensor(0.0260),1.026295627227979
36100,43.069664001464844,1.000000082240371e-09,1.000000082240371e-09,1.000000082240371e-09,0.48121182567763754,1.000000082240371e-09,1.000000082240371e-09,0.08020197177960632,,
36200,46.5404167175293,1.000000082240371e-09,1.000000082240371e-09,-20.72326583694641,1.000000082240371e-09,1.000000082240371e-09,1.000000082240371e-09,-3.453877638657735,,
36300,47.58882141113281,1.000000082240371e-09,1.000000082240371e-09,1.000000082240371e-09,1.000000082240371e-09,1.000000082240371e-09,1.000000082240371e-09,1.000000082240371e-09,,
36400,40.37425231933594,1.000000082240371e-09,1.000000082240371e-09,1.000000082240371e-09,-20.72326583694641,1.000000082240371e-09,1.000000082240371e-09,-3.453877638657735,,
36500,42.133140563964844,1.000000082240371e-09,1.000000082240371e-09,-20.72326583694641,-20.72326583694641,0.48121182567763754,-20.723265644650162,-10.281430915144224,,
36600,36.061458587646484,1.000000082240371e-09,1.000000082240371e-09,1.000000082240371e-09,1.000000082240371e-09,-20.72326583694641,1.000000082240371e-09,-3.453877638657735,,
36700,47.84290313720703,1.000000082240371e-09,9.999998601957662e-10,1.000000082240371e-09,1.000000082240371e-09,0.48121182567763754,1.000000082240371e-09,0.0802019717796063,,
36800,39.23033905029297,1.000000082240371e-09,-20.72326583694641,-20.72326583694641,1.000000082240371e-09,-20.72326583694641,1.000000082240371e-09,-10.361632917973205,,
36900,47.002960205078125,9.999998601957662e-10,9.999998601957662e-10,1.000000082240371e-09,1.000000082240371e-09,1.000000082240371e-09,-20.72326583694641,-3.453877638657735,,
37000,41.07011795043945,1.000000082240371e-09,1.000000082240371e-09,1.000000082240371e-09,-20.72326583694641,1.000000082240371e-09,1.000000082240371e-09,-3.453877638657735,tensor(0.0261),1.0264200566788662
37100,38.13235092163086,1.000000082240371e-09,1.000000082240371e-09,1.000000082240371e-09,-20.72326583694641,0.34657359098707957,1.000000082240371e-09,-3.3961153736598884,,
37200,37.87043380737305,9.999998601957662e-10,9.999998601957662e-10,-20.72326583694641,1.000000082240371e-09,0.34657359098707957,1.000000082240371e-09,-3.3961153736598884,,
37300,44.80838394165039,1.000000082240371e-09,1.000000082240371e-09,1.000000082240371e-09,-20.72326583694641,1.000000082240371e-09,1.000000082240371e-09,-3.453877638657735,,
37400,52.730159759521484,1.000000082240371e-09,9.999998601957662e-10,1.000000082240371e-09,1.000000082240371e-09,-20.72326583694641,1.000000082240371e-09,-3.453877638657735,,
37500,37.73503875732422,1.000000082240371e-09,9.999998601957662e-10,1.000000082240371e-09,-20.72326583694641,0.34657359098707957,1.000000082240371e-09,-3.3961153736598884,,
37600,42.02450180053711,1.000000082240371e-09,-20.72326583694641,1.000000082240371e-09,1.000000082240371e-09,0.34657359098707957,1.000000082240371e-09,-3.3961153736598884,,
37700,44.43558883666992,1.000000082240371e-09,-20.72326583694641,1.000000082240371e-09,1.000000082240371e-09,1.000000082240371e-09,1.000000082240371e-09,-3.453877638657735,,
37800,42.12693786621094,-20.72326583694641,1.000000082240371e-09,-20.72326583694641,1.000000082240371e-09,0.48121182567763754,1.000000082240371e-09,-6.827553307535864,,
37900,39.48481369018555,1.000000082240371e-09,9.999998601957662e-10,1.000000082240371e-09,1.000000082240371e-09,1.000000082240371e-09,1.000000082240371e-09,1.0000000452329367e-09,,
38000,43.57015609741211,1.000000082240371e-09,1.000000082240371e-09,1.000000082240371e-09,1.000000082240371e-09,1.000000082240371e-09,1.000000082240371e-09,1.000000082240371e-09,tensor(0.0258),1.026161650207474
38100,34.631874084472656,1.000000082240371e-09,1.000000082240371e-09,1.000000082240371e-09,0.48121182567763754,1.000000082240371e-09,1.000000082240371e-09,0.08020197177960632,,
38200,42.61406326293945,1.000000082240371e-09,1.000000082240371e-09,1.000000082240371e-09,0.48121182567763754,0.48121182567763754,1.000000082240371e-09,0.16040394255921256,,
38300,46.40473175048828,-20.72326583694641,1.000000082240371e-09,0.48121182567763754,1.000000082240371e-09,-20.72326583694641,-20.72326583694641,-10.281430947193599,,
38400,38.211456298828125,1.000000082240371e-09,-20.72326583694641,1.000000082240371e-09,0.48121182567763754,1.000000082240371e-09,1.000000082240371e-09,-3.373675667878129,,
38500,39.70598602294922,1.000000082240371e-09,1.000000082240371e-09,1.000000082240371e-09,0.48121182567763754,-20.72326583694641,1.000000082240371e-09,-3.373675667878129,,
38600,47.681556701660156,1.000000082240371e-09,1.000000082240371e-09,1.000000082240371e-09,1.000000082240371e-09,-20.72326583694641,9.999998601957662e-10,-3.453877638657735,,
38700,39.99325180053711,1.000000082240371e-09,1.000000082240371e-09,1.000000082240371e-09,1.000000082240371e-09,1.000000082240371e-09,1.000000082240371e-09,1.000000082240371e-09,,
38800,42.10174560546875,1.000000082240371e-09,1.000000082240371e-09,1.000000082240371e-09,1.000000082240371e-09,1.000000082240371e-09,1.000000082240371e-09,1.000000082240371e-09,,
38900,53.16334915161133,-20.723265644650162,1.000000082240371e-09,1.000000082240371e-09,1.000000082240371e-09,1.000000082240371e-09,1.000000082240371e-09,-3.4538776066083603,,
39000,45.80255126953125,1.000000082240371e-09,1.000000082240371e-09,1.000000082240371e-09,1.000000082240371e-09,1.000000082240371e-09,1.000000082240371e-09,1.000000082240371e-09,tensor(0.0255),1.0258144732730274
39100,44.131893157958984,1.000000082240371e-09,1.000000082240371e-09,1.000000082240371e-09,1.000000082240371e-09,1.000000082240371e-09,1.000000082240371e-09,1.000000082240371e-09,,
39200,37.33355712890625,-20.72326583694641,1.000000082240371e-09,-20.72326583694641,1.000000082240371e-09,1.000000082240371e-09,-20.72326583694641,-10.361632917973205,,
39300,49.57096862792969,1.000000082240371e-09,1.000000082240371e-09,1.000000082240371e-09,1.000000082240371e-09,1.000000082240371e-09,1.000000082240371e-09,1.000000082240371e-09,,
39400,39.271217346191406,1.000000082240371e-09,1.000000082240371e-09,1.000000082240371e-09,-20.72326583694641,1.000000082240371e-09,1.000000082240371e-09,-3.453877638657735,,
39500,46.490535736083984,1.000000082240371e-09,1.000000082240371e-09,1.000000082240371e-09,0.48121182567763754,0.48121182567763754,1.000000082240371e-09,0.16040394255921256,,
39600,42.13972854614258,1.000000082240371e-09,9.999998601957662e-10,1.000000082240371e-09,-20.72326583694641,1.000000082240371e-09,1.000000082240371e-09,-3.453877638657735,,
39700,42.28270721435547,1.000000082240371e-09,-20.72326583694641,1.000000082240371e-09,0.48121182567763754,0.48121182567763754,1.000000082240371e-09,-3.293473697098523,,
39800,47.617881774902344,-20.72326583694641,1.000000082240371e-09,1.000000082240371e-09,1.000000082240371e-09,1.000000082240371e-09,1.000000082240371e-09,-3.453877638657735,,
39900,53.40449142456055,1.000000082240371e-09,1.000000082240371e-09,1.000000082240371e-09,1.000000082240371e-09,1.000000082240371e-09,1.000000082240371e-09,1.000000082240371e-09,,
40000,32.27069091796875,1.000000082240371e-09,-20.72326583694641,1.000000082240371e-09,1.000000082240371e-09,1.000000082240371e-09,-20.72326583694641,-6.90775527831547,tensor(0.0254),1.0257645567093343
40100,44.313575744628906,-20.72326583694641,-20.72326583694641,1.000000082240371e-09,1.000000082240371e-09,1.000000082240371e-09,-20.72326583694641,-10.361632917973207,,
40200,38.989017486572266,1.000000082240371e-09,1.000000082240371e-09,-20.72326583694641,1.000000082240371e-09,-20.72326583694641,-20.72326583694641,-10.361632917973205,,
40300,43.50597381591797,1.000000082240371e-09,1.000000082240371e-09,-20.72326583694641,1.000000082240371e-09,1.000000082240371e-09,1.000000082240371e-09,-3.453877638657735,,
40400,48.46787643432617,1.000000082240371e-09,1.000000082240371e-09,-20.72326583694641,1.000000082240371e-09,-20.72326583694641,1.000000082240371e-09,-6.907755278315471,,
40500,44.94518280029297,1.000000082240371e-09,1.000000082240371e-09,1.000000082240371e-09,1.000000082240371e-09,0.48121182567763754,1.000000082240371e-09,0.08020197177960632,,
40600,49.25760269165039,1.000000082240371e-09,1.000000082240371e-09,1.000000082240371e-09,1.000000082240371e-09,1.000000082240371e-09,1.000000082240371e-09,1.000000082240371e-09,,
40700,50.231746673583984,1.000000082240371e-09,1.000000082240371e-09,1.000000082240371e-09,1.000000082240371e-09,1.000000082240371e-09,1.000000082240371e-09,1.000000082240371e-09,,
40800,38.89552307128906,1.000000082240371e-09,1.000000082240371e-09,1.000000082240371e-09,0.48121182567763754,1.000000082240371e-09,1.000000082240371e-09,0.08020197177960632,,
40900,46.09918212890625,1.000000082240371e-09,9.999998601957662e-10,1.000000082240371e-09,0.48121182567763754,1.000000082240371e-09,1.000000082240371e-09,0.0802019717796063,,
41000,43.486473083496094,1.000000082240371e-09,1.000000082240371e-09,1.000000082240371e-09,0.48121182567763754,0.34657359098707957,1.000000082240371e-09,0.13796423677745293,tensor(0.0256),1.0259080936805138
41100,44.613651275634766,1.000000082240371e-09,1.000000082240371e-09,1.000000082240371e-09,-20.72326583694641,0.34657359098707957,1.000000082240371e-09,-3.3961153736598884,,
41200,44.86756896972656,1.000000082240371e-09,1.000000082240371e-09,1.000000082240371e-09,-20.72326583694641,1.000000082240371e-09,1.000000082240371e-09,-3.453877638657735,,
41300,48.38148498535156,1.000000082240371e-09,-20.72326583694641,1.000000082240371e-09,-20.72326583694641,-20.72326583694641,1.000000082240371e-09,-10.361632917973205,,
41400,31.923568725585938,1.000000082240371e-09,-20.72326583694641,1.000000082240371e-09,1.000000082240371e-09,0.48121182567763754,9.999998601957662e-10,-3.373675667878129,,
41500,45.812095642089844,1.000000082240371e-09,-20.72326583694641,1.000000082240371e-09,1.000000082240371e-09,1.000000082240371e-09,9.999998601957662e-10,-3.453877638657735,,
41600,46.949989318847656,1.000000082240371e-09,1.000000082240371e-09,1.000000082240371e-09,0.34657359098707957,1.000000082240371e-09,1.000000082240371e-09,0.05776226599784667,,
41700,37.96586227416992,1.000000082240371e-09,1.000000082240371e-09,1.000000082240371e-09,-20.72326583694641,1.000000082240371e-09,-20.723265644650162,-6.907755246266095,,
41800,34.08065414428711,1.000000082240371e-09,9.999998601957662e-10,1.000000082240371e-09,1.000000082240371e-09,0.48121182567763754,1.000000082240371e-09,0.0802019717796063,,
41900,51.920318603515625,1.000000082240371e-09,9.999998601957662e-10,1.000000082240371e-09,-20.72326583694641,0.48121182567763754,1.000000082240371e-09,-3.373675667878129,,
42000,36.77999496459961,1.000000082240371e-09,1.000000082240371e-09,-20.72326583694641,1.000000082240371e-09,1.000000082240371e-09,1.000000082240371e-09,-3.453877638657735,tensor(0.0255),1.025800939673381
42100,42.4951171875,1.000000082240371e-09,9.999998601957662e-10,1.000000082240371e-09,1.000000082240371e-09,1.000000082240371e-09,1.000000082240371e-09,1.0000000452329367e-09,,
42200,45.88472366333008,1.000000082240371e-09,1.000000082240371e-09,0.48121182567763754,0.48121182567763754,1.000000082240371e-09,-20.72326583694641,-3.293473697098522,,
42300,41.525672912597656,1.000000082240371e-09,1.000000082240371e-09,-20.72326583694641,1.000000082240371e-09,1.000000082240371e-09,-20.72326583694641,-6.90775527831547,,
42400,47.423492431640625,1.000000082240371e-09,1.000000082240371e-09,1.000000082240371e-09,1.000000082240371e-09,1.000000082240371e-09,1.000000082240371e-09,1.000000082240371e-09,,
42500,42.085365295410156,1.000000082240371e-09,1.000000082240371e-09,1.000000082240371e-09,0.48121182567763754,1.000000082240371e-09,9.999998601957662e-10,0.0802019717796063,,
42600,43.50284957885742,1.000000082240371e-09,1.000000082240371e-09,1.000000082240371e-09,1.000000082240371e-09,0.48121182567763754,1.000000082240371e-09,0.08020197177960632,,
42700,47.090003967285156,-20.72326583694641,1.000000082240371e-09,0.48121182567763754,1.000000082240371e-09,1.000000082240371e-09,1.000000082240371e-09,-3.373675667878129,,
42800,36.168704986572266,1.000000082240371e-09,1.000000082240371e-09,1.000000082240371e-09,0.34657359098707957,1.000000082240371e-09,1.000000082240371e-09,0.05776226599784667,,
42900,50.709388732910156,1.000000082240371e-09,1.000000082240371e-09,1.000000082240371e-09,0.48121182567763754,1.000000082240371e-09,1.000000082240371e-09,0.08020197177960632,,
43000,47.72008514404297,1.000000082240371e-09,1.000000082240371e-09,-20.72326583694641,1.000000082240371e-09,1.000000082240371e-09,-20.72326583694641,-6.90775527831547,tensor(0.0256),1.0258795853187301
43100,34.44730758666992,-20.723265644650162,-20.72326583694641,1.000000082240371e-09,1.000000082240371e-09,1.000000082240371e-09,1.000000082240371e-09,-6.907755246266098,,
43200,40.22390365600586,9.999998601957662e-10,-20.72326583694641,1.000000082240371e-09,-20.72326583694641,1.000000082240371e-09,1.000000082240371e-09,-6.907755278315471,,
43300,38.96183395385742,1.000000082240371e-09,1.000000082240371e-09,0.48121182567763754,-20.72326583694641,-20.72326583694641,1.000000082240371e-09,-6.827553307535864,,
43400,41.89651870727539,1.000000082240371e-09,1.000000082240371e-09,-20.72326583694641,-20.72326583694641,-20.72326583694641,1.000000082240371e-09,-10.361632917973205,,
43500,46.507904052734375,1.000000082240371e-09,1.000000082240371e-09,1.000000082240371e-09,-20.72326583694641,1.000000082240371e-09,1.000000082240371e-09,-3.453877638657735,,
43600,43.67510223388672,-20.72326583694641,1.000000082240371e-09,1.000000082240371e-09,-20.72326583694641,1.000000082240371e-09,-20.72326583694641,-10.361632917973205,,
43700,36.25346374511719,1.000000082240371e-09,1.000000082240371e-09,-20.72326583694641,-20.72326583694641,1.000000082240371e-09,-20.723265644650162,-10.36163288592383,,
43800,32.16212463378906,1.000000082240371e-09,-20.72326583694641,1.000000082240371e-09,0.48121182567763754,1.000000082240371e-09,1.000000082240371e-09,-3.373675667878129,,
43900,41.83063507080078,1.000000082240371e-09,1.000000082240371e-09,1.000000082240371e-09,1.000000082240371e-09,1.000000082240371e-09,1.000000082240371e-09,1.000000082240371e-09,,
44000,42.36506652832031,1.000000082240371e-09,1.000000082240371e-09,-20.72326583694641,1.000000082240371e-09,-20.72326583694641,1.000000082240371e-09,-6.907755278315471,tensor(0.0256),1.0259531308246863
44100,44.31976318359375,1.000000082240371e-09,1.000000082240371e-09,1.000000082240371e-09,1.000000082240371e-09,1.000000082240371e-09,-20.72326583694641,-3.453877638657735,,
44200,43.257450103759766,1.000000082240371e-09,-20.72326583694641,1.000000082240371e-09,-20.72326583694641,-20.72326583694641,1.000000082240371e-09,-10.361632917973205,,
44300,34.71562957763672,1.000000082240371e-09,-20.72326583694641,1.000000082240371e-09,1.000000082240371e-09,1.000000082240371e-09,1.000000082240371e-09,-3.453877638657735,,
44400,39.792171478271484,1.000000082240371e-09,1.000000082240371e-09,1.000000082240371e-09,0.34657359098707957,0.48121182567763754,1.000000082240371e-09,0.13796423677745293,,
44500,40.524356842041016,1.000000082240371e-09,-20.72326583694641,1.000000082240371e-09,1.000000082240371e-09,0.48121182567763754,1.000000082240371e-09,-3.373675667878129,,
44600,38.05377197265625,-20.72326583694641,-20.72326583694641,1.000000082240371e-09,1.000000082240371e-09,0.48121182567763754,1.000000082240371e-09,-6.827553307535865,,
44700,45.12275695800781,1.000000082240371e-09,9.999998601957662e-10,1.000000082240371e-09,1.000000082240371e-09,0.34657359098707957,1.000000082240371e-09,0.057762265997846625,,
44800,46.0142707824707,1.000000082240371e-09,1.000000082240371e-09,-20.72326583694641,1.000000082240371e-09,1.000000082240371e-09,-20.723265644650162,-6.907755246266095,,
44900,44.0378303527832,1.000000082240371e-09,1.000000082240371e-09,-20.72326583694641,1.000000082240371e-09,0.48121182567763754,1.000000082240371e-09,-3.373675667878129,,
45000,38.937076568603516,-20.72326583694641,1.000000082240371e-09,1.000000082240371e-09,1.000000082240371e-09,1.000000082240371e-09,-20.72326583694641,-6.90775527831547,tensor(0.0252),1.0255206568026378
45100,43.4084587097168,9.999998601957662e-10,-20.72326583694641,1.000000082240371e-09,1.000000082240371e-09,1.000000082240371e-09,1.000000082240371e-09,-3.453877638657735,,
45200,48.196197509765625,9.999998601957662e-10,1.000000082240371e-09,1.000000082240371e-09,1.000000082240371e-09,1.000000082240371e-09,1.000000082240371e-09,1.0000000452329367e-09,,
45300,39.795589447021484,1.000000082240371e-09,1.000000082240371e-09,1.000000082240371e-09,1.000000082240371e-09,0.34657359098707957,1.000000082240371e-09,0.05776226599784667,,
45400,43.23567199707031,1.000000082240371e-09,1.000000082240371e-09,0.48121182567763754,1.000000082240371e-09,0.34657359098707957,1.000000082240371e-09,0.13796423677745293,,
45500,40.66950607299805,1.000000082240371e-09,-20.72326583694641,1.000000082240371e-09,1.000000082240371e-09,1.000000082240371e-09,1.000000082240371e-09,-3.453877638657735,,
45600,36.50045394897461,-20.72326583694641,1.000000082240371e-09,-20.72326583694641,0.34657359098707957,0.48121182567763754,1.000000082240371e-09,-6.769791042538017,,
45700,44.36581802368164,-20.72326583694641,-20.72326583694641,1.000000082240371e-09,1.000000082240371e-09,1.000000082240371e-09,1.000000082240371e-09,-6.907755278315473,,
45800,34.901668548583984,1.000000082240371e-09,-20.72326583694641,1.000000082240371e-09,1.000000082240371e-09,0.48121182567763754,1.000000082240371e-09,-3.373675667878129,,
45900,35.78115463256836,-20.72326583694641,1.000000082240371e-09,1.000000082240371e-09,1.000000082240371e-09,0.48121182567763754,1.000000082240371e-09,-3.373675667878129,,
46000,41.286949157714844,1.000000082240371e-09,-20.72326583694641,1.000000082240371e-09,1.000000082240371e-09,0.48121182567763754,1.000000082240371e-09,-3.373675667878129,tensor(0.0256),1.0259328707445612
46100,42.652183532714844,-20.72326583694641,1.000000082240371e-09,1.000000082240371e-09,-20.72326583694641,1.000000082240371e-09,-20.72326583694641,-10.361632917973205,,
46200,29.173954010009766,-20.72326583694641,1.000000082240371e-09,-20.72326583694641,1.000000082240371e-09,0.34657359098707957,1.000000082240371e-09,-6.849993013317625,,
46300,48.23046875,1.000000082240371e-09,1.000000082240371e-09,1.000000082240371e-09,1.000000082240371e-09,1.000000082240371e-09,1.000000082240371e-09,1.000000082240371e-09,,
46400,43.97821044921875,1.000000082240371e-09,1.000000082240371e-09,1.000000082240371e-09,1.000000082240371e-09,1.000000082240371e-09,1.000000082240371e-09,1.000000082240371e-09,,
46500,37.409393310546875,1.000000082240371e-09,-20.72326583694641,1.000000082240371e-09,0.48121182567763754,1.000000082240371e-09,1.000000082240371e-09,-3.373675667878129,,
46600,38.05744552612305,1.000000082240371e-09,1.000000082240371e-09,1.000000082240371e-09,-20.72326583694641,1.000000082240371e-09,1.000000082240371e-09,-3.453877638657735,,
46700,40.92717361450195,-20.72326583694641,9.999998601957662e-10,-20.72326583694641,-20.72326583694641,0.48121182567763754,-20.72326583694641,-13.735308586851332,,
46800,42.209712982177734,1.000000082240371e-09,1.000000082240371e-09,1.000000082240371e-09,-20.72326583694641,-20.72326583694641,1.000000082240371e-09,-6.907755278315471,,
46900,49.023643493652344,1.000000082240371e-09,1.000000082240371e-09,1.000000082240371e-09,0.48121182567763754,0.34657359098707957,-20.72326583694641,-3.315913402880282,,
47000,44.78517532348633,1.000000082240371e-09,9.999998601957662e-10,1.000000082240371e-09,1.000000082240371e-09,0.34657359098707957,-20.72326583694641,-3.3961153736598884,tensor(0.0253),1.0256476745179721
47100,47.92685317993164,1.000000082240371e-09,1.000000082240371e-09,-20.72326583694641,-20.72326583694641,1.000000082240371e-09,1.000000082240371e-09,-6.907755278315471,,
47200,45.432987213134766,1.000000082240371e-09,1.000000082240371e-09,1.000000082240371e-09,-20.72326583694641,1.000000082240371e-09,1.000000082240371e-09,-3.453877638657735,,
47300,45.166954040527344,1.000000082240371e-09,1.000000082240371e-09,1.000000082240371e-09,0.48121182567763754,1.000000082240371e-09,1.000000082240371e-09,0.08020197177960632,,
47400,47.89866256713867,1.000000082240371e-09,-20.72326583694641,1.000000082240371e-09,0.48121182567763754,1.000000082240371e-09,-20.72326583694641,-6.827553307535864,,
47500,45.72077178955078,1.000000082240371e-09,1.000000082240371e-09,1.000000082240371e-09,1.000000082240371e-09,1.000000082240371e-09,1.000000082240371e-09,1.000000082240371e-09,,
47600,41.68391418457031,-20.72326583694641,1.000000082240371e-09,1.000000082240371e-09,-20.72326583694641,1.000000082240371e-09,1.000000082240371e-09,-6.907755278315471,,
47700,43.870689392089844,1.000000082240371e-09,-20.723265644650162,1.000000082240371e-09,-20.72326583694641,1.000000082240371e-09,1.000000082240371e-09,-6.907755246266096,,
47800,46.8055534362793,1.000000082240371e-09,1.000000082240371e-09,-20.72326583694641,1.000000082240371e-09,0.48121182567763754,1.000000082240371e-09,-3.373675667878129,,
47900,37.83119201660156,1.000000082240371e-09,1.000000082240371e-09,1.000000082240371e-09,1.000000082240371e-09,1.000000082240371e-09,1.000000082240371e-09,1.000000082240371e-09,,
48000,40.278072357177734,1.000000082240371e-09,1.000000082240371e-09,1.000000082240371e-09,1.000000082240371e-09,1.000000082240371e-09,1.000000082240371e-09,1.000000082240371e-09,tensor(0.0254),1.025721163276552
48100,46.01948547363281,1.000000082240371e-09,-20.72326583694641,1.000000082240371e-09,1.000000082240371e-09,1.000000082240371e-09,-20.72326583694641,-6.90775527831547,,
48200,49.604530334472656,1.000000082240371e-09,-20.72326583694641,1.000000082240371e-09,1.000000082240371e-09,1.000000082240371e-09,-20.72326583694641,-6.90775527831547,,
48300,45.74964141845703,1.000000082240371e-09,1.000000082240371e-09,1.000000082240371e-09,-20.72326583694641,0.34657359098707957,1.000000082240371e-09,-3.3961153736598884,,
48400,44.03903579711914,1.000000082240371e-09,1.000000082240371e-09,1.000000082240371e-09,-20.72326583694641,1.000000082240371e-09,1.000000082240371e-09,-3.453877638657735,,
48500,47.739933013916016,1.000000082240371e-09,1.000000082240371e-09,1.000000082240371e-09,-20.72326583694641,0.48121182567763754,-20.72326583694641,-6.827553307535864,,
48600,44.603633880615234,1.000000082240371e-09,1.000000082240371e-09,1.000000082240371e-09,-20.72326583694641,1.000000082240371e-09,1.000000082240371e-09,-3.453877638657735,,
48700,43.479000091552734,1.000000082240371e-09,-20.72326583694641,-20.72326583694641,0.48121182567763754,1.000000082240371e-09,1.000000082240371e-09,-6.827553307535864,,
48800,44.250179290771484,-20.72326583694641,-20.72326583694641,1.000000082240371e-09,1.000000082240371e-09,1.000000082240371e-09,-20.72326583694641,-10.361632917973207,,
48900,41.54642105102539,1.000000082240371e-09,-20.72326583694641,1.000000082240371e-09,1.000000082240371e-09,1.000000082240371e-09,1.000000082240371e-09,-3.453877638657735,,
49000,43.22314453125,1.000000082240371e-09,1.000000082240371e-09,1.000000082240371e-09,1.000000082240371e-09,-20.72326583694641,1.000000082240371e-09,-3.453877638657735,tensor(0.0251),1.025371958077197
49100,36.435062408447266,-20.723265644650162,1.000000082240371e-09,0.6931471810599453,1.000000082240371e-09,1.000000082240371e-09,1.000000082240371e-09,-3.3383530765983696,,
49200,40.769126892089844,1.000000082240371e-09,1.000000082240371e-09,1.000000082240371e-09,1.000000082240371e-09,1.000000082240371e-09,1.000000082240371e-09,1.000000082240371e-09,,
49300,42.89673614501953,1.000000082240371e-09,1.000000082240371e-09,1.000000082240371e-09,0.34657359098707957,1.000000082240371e-09,1.000000082240371e-09,0.05776226599784667,,
49400,38.122589111328125,1.000000082240371e-09,1.000000082240371e-09,1.000000082240371e-09,1.000000082240371e-09,0.34657359098707957,1.000000082240371e-09,0.05776226599784667,,
49500,50.955955505371094,1.000000082240371e-09,1.000000082240371e-09,1.000000082240371e-09,1.000000082240371e-09,1.000000082240371e-09,-20.72326583694641,-3.453877638657735,,
49600,37.08211898803711,1.000000082240371e-09,1.000000082240371e-09,1.000000082240371e-09,-20.72326583694641,0.48121182567763754,1.000000082240371e-09,-3.373675667878129,,
49700,39.428409576416016,1.000000082240371e-09,1.000000082240371e-09,1.000000082240371e-09,-20.72326583694641,1.000000082240371e-09,1.000000082240371e-09,-3.453877638657735,,
49800,33.140174865722656,1.000000082240371e-09,1.000000082240371e-09,1.000000082240371e-09,1.000000082240371e-09,1.000000082240371e-09,1.000000082240371e-09,1.000000082240371e-09,,
49900,48.999908447265625,1.000000082240371e-09,1.000000082240371e-09,1.000000082240371e-09,-20.72326583694641,1.000000082240371e-09,1.000000082240371e-09,-3.453877638657735,,
49999,51.507720947265625,1.000000082240371e-09,1.000000082240371e-09,1.000000082240371e-09,-20.72326583694641,1.000000082240371e-09,1.000000082240371e-09,-3.453877638657735,tensor(0.0253),1.0256550392045147
