iter,lr,train_loss,homology_layer_0,homology_layer_1,homology_layer_2,homology_layer_3,homology_layer_4,homology_layer_5,avg_homology_score,val_loss,perplexity
0,0.0,4.135749816894531,1.000000082240371e-09,1.000000082240371e-09,1.000000082240371e-09,1.000000082240371e-09,-20.72326583694641,-20.72326583694641,-6.90775527831547,tensor(4.1386),62.71219984365393
100,2.5e-05,3.335615634918213,1.000000082240371e-09,1.000000082240371e-09,1.000000082240371e-09,1.000000082240371e-09,-20.72326583694641,-20.72326583694641,-6.90775527831547,,
200,5e-05,2.9557061195373535,1.000000082240371e-09,1.000000082240371e-09,1.000000082240371e-09,1.000000082240371e-09,-20.72326583694641,1.000000082240371e-09,-3.453877638657735,,
300,7.5e-05,2.568751096725464,1.000000082240371e-09,1.000000082240371e-09,1.000000082240371e-09,1.000000082240371e-09,1.000000082240371e-09,1.000000082240371e-09,1.000000082240371e-09,,
400,0.0001,2.359063148498535,1.000000082240371e-09,1.000000082240371e-09,1.000000082240371e-09,1.000000082240371e-09,1.000000082240371e-09,1.000000082240371e-09,1.000000082240371e-09,,
500,0.000125,0.5078197121620178,1.000000082240371e-09,1.000000082240371e-09,1.000000082240371e-09,1.000000082240371e-09,-20.72326583694641,1.000000082240371e-09,-3.453877638657735,,
600,0.00015,0.12081040441989899,1.000000082240371e-09,1.000000082240371e-09,0.48121182567763754,1.000000082240371e-09,-20.72326583694641,1.000000082240371e-09,-3.373675667878129,,
700,0.00017500000000000003,0.07061806321144104,1.000000082240371e-09,1.000000082240371e-09,1.000000082240371e-09,1.000000082240371e-09,-20.72326583694641,1.000000082240371e-09,-3.453877638657735,,
800,0.0002,0.05996957793831825,1.000000082240371e-09,1.000000082240371e-09,1.000000082240371e-09,1.000000082240371e-09,-20.72326583694641,1.000000082240371e-09,-3.453877638657735,,
900,0.000225,0.05105149745941162,1.000000082240371e-09,1.000000082240371e-09,0.48121182567763754,1.000000082240371e-09,-20.72326583694641,1.000000082240371e-09,-3.373675667878129,,
1000,0.00025,0.048855893313884735,1.000000082240371e-09,1.000000082240371e-09,1.000000082240371e-09,1.000000082240371e-09,-20.72326583694641,1.000000082240371e-09,-3.453877638657735,tensor(0.0431),1.0440616041166517
1100,0.000275,0.048559337854385376,1.000000082240371e-09,1.000000082240371e-09,1.000000082240371e-09,1.000000082240371e-09,-20.72326583694641,1.000000082240371e-09,-3.453877638657735,,
1200,0.0003,0.04306522756814957,1.000000082240371e-09,-20.72326583694641,1.000000082240371e-09,1.000000082240371e-09,-20.72326583694641,1.000000082240371e-09,-6.907755278315471,,
1300,0.000325,0.04223581403493881,1.000000082240371e-09,-20.72326583694641,1.000000082240371e-09,1.000000082240371e-09,-20.72326583694641,1.000000082240371e-09,-6.907755278315471,,
1400,0.00035000000000000005,0.04823042452335358,1.000000082240371e-09,1.000000082240371e-09,0.48121182567763754,1.000000082240371e-09,-20.72326583694641,1.000000082240371e-09,-3.373675667878129,,
1500,0.000375,0.04419943690299988,1.000000082240371e-09,1.000000082240371e-09,1.000000082240371e-09,1.000000082240371e-09,-20.72326583694641,1.000000082240371e-09,-3.453877638657735,,
1600,0.0004,0.04721609130501747,1.000000082240371e-09,1.000000082240371e-09,1.000000082240371e-09,1.000000082240371e-09,-20.72326583694641,1.000000082240371e-09,-3.453877638657735,,
1700,0.000425,0.0473235584795475,1.000000082240371e-09,1.000000082240371e-09,0.48121182567763754,1.000000082240371e-09,-20.72326583694641,1.000000082240371e-09,-3.373675667878129,,
1800,0.00045,0.04112293943762779,1.000000082240371e-09,1.000000082240371e-09,0.48121182567763754,1.000000082240371e-09,-20.72326583694641,1.000000082240371e-09,-3.373675667878129,,
1900,0.00047500000000000005,0.041590068489313126,1.000000082240371e-09,1.000000082240371e-09,0.48121182567763754,1.000000082240371e-09,-20.72326583694641,1.000000082240371e-09,-3.373675667878129,,
2000,0.0005,0.04083239659667015,1.000000082240371e-09,1.000000082240371e-09,0.48121182567763754,1.000000082240371e-09,1.000000082240371e-09,1.000000082240371e-09,0.08020197177960632,tensor(0.0379),1.038595635060861
2100,0.0004999858377698076,0.04627487063407898,1.000000082240371e-09,1.000000082240371e-09,1.000000082240371e-09,1.000000082240371e-09,-20.72326583694641,1.000000082240371e-09,-3.453877638657735,,
2200,0.000499943352862064,0.04063372686505318,1.000000082240371e-09,1.000000082240371e-09,0.48121182567763754,1.000000082240371e-09,-20.72326583694641,1.000000082240371e-09,-3.373675667878129,,
2300,0.000499872550625045,0.04311859607696533,1.000000082240371e-09,-20.72326583694641,0.48121182567763754,1.000000082240371e-09,1.000000082240371e-09,1.000000082240371e-09,-3.373675667878129,,
2400,0.0004997734399717958,0.047599852085113525,1.000000082240371e-09,-20.72326583694641,0.48121182567763754,1.000000082240371e-09,-20.72326583694641,1.000000082240371e-09,-6.827553307535864,,
2500,0.0004996460333790087,0.04431270807981491,1.000000082240371e-09,-20.72326583694641,0.48121182567763754,1.000000082240371e-09,1.000000082240371e-09,1.000000082240371e-09,-3.373675667878129,,
2600,0.0004994903468854525,0.041209686547517776,1.000000082240371e-09,-20.72326583694641,1.000000082240371e-09,1.000000082240371e-09,1.000000082240371e-09,1.000000082240371e-09,-3.453877638657735,,
2700,0.0004993064000899538,0.04258919879794121,1.000000082240371e-09,-20.72326583694641,1.000000082240371e-09,1.000000082240371e-09,-20.72326583694641,1.000000082240371e-09,-6.907755278315471,,
2800,0.0004990942161489288,0.04152562469244003,1.000000082240371e-09,-20.72326583694641,1.000000082240371e-09,1.000000082240371e-09,-20.72326583694641,1.000000082240371e-09,-6.907755278315471,,
2900,0.0004988538217734692,0.04540341719985008,1.000000082240371e-09,-20.72326583694641,1.000000082240371e-09,1.000000082240371e-09,-20.72326583694641,1.000000082240371e-09,-6.907755278315471,,
3000,0.0004985852472259796,0.038629088550806046,1.000000082240371e-09,-20.72326583694641,1.000000082240371e-09,1.000000082240371e-09,1.000000082240371e-09,1.000000082240371e-09,-3.453877638657735,tensor(0.0371),1.0378457744192622
3100,0.000498288526316367,0.03740319237112999,-20.72326583694641,-20.72326583694641,1.000000082240371e-09,1.000000082240371e-09,1.000000082240371e-09,1.000000082240371e-09,-6.907755278315473,,
3200,0.0004979636963977853,0.04214562475681305,1.000000082240371e-09,-20.72326583694641,1.000000082240371e-09,1.000000082240371e-09,-20.72326583694641,1.000000082240371e-09,-6.907755278315471,,
3300,0.0004976107983619332,0.04059869423508644,1.000000082240371e-09,-20.72326583694641,1.000000082240371e-09,1.000000082240371e-09,-20.72326583694641,1.000000082240371e-09,-6.907755278315471,,
3400,0.000497229876633906,0.03863123431801796,1.000000082240371e-09,-20.72326583694641,1.000000082240371e-09,1.000000082240371e-09,-20.72326583694641,1.000000082240371e-09,-6.907755278315471,,
3500,0.0004968209791666031,0.0398593507707119,1.000000082240371e-09,-20.72326583694641,1.000000082240371e-09,1.000000082240371e-09,-20.72326583694641,1.000000082240371e-09,-6.907755278315471,,
3600,0.0004963841574346917,0.04310259968042374,1.000000082240371e-09,-20.72326583694641,1.000000082240371e-09,1.000000082240371e-09,-20.72326583694641,1.000000082240371e-09,-6.907755278315471,,
3700,0.0004959194664281266,0.0438576377928257,1.000000082240371e-09,-20.72326583694641,1.000000082240371e-09,1.000000082240371e-09,-20.72326583694641,1.000000082240371e-09,-6.907755278315471,,
3800,0.0004954269646452279,0.03873589634895325,1.000000082240371e-09,-20.72326583694641,1.000000082240371e-09,1.000000082240371e-09,1.000000082240371e-09,1.000000082240371e-09,-3.453877638657735,,
3900,0.0004949067140853168,0.032282039523124695,1.000000082240371e-09,-20.72326583694641,1.000000082240371e-09,1.000000082240371e-09,-20.72326583694641,1.000000082240371e-09,-6.907755278315471,,
4000,0.0004943587802409103,0.0359957180917263,1.000000082240371e-09,-20.72326583694641,1.000000082240371e-09,1.000000082240371e-09,-20.72326583694641,1.000000082240371e-09,-6.907755278315471,tensor(0.0349),1.0355007355601324
4100,0.0004937832320894772,0.03521173447370529,1.000000082240371e-09,-20.72326583694641,1.000000082240371e-09,1.000000082240371e-09,-20.72326583694641,1.000000082240371e-09,-6.907755278315471,,
4200,0.0004931801420847545,0.0352788083255291,1.000000082240371e-09,-20.72326583694641,1.000000082240371e-09,1.000000082240371e-09,-20.72326583694641,1.000000082240371e-09,-6.907755278315471,,
4300,0.0004925495861476264,0.038314174860715866,1.000000082240371e-09,-20.72326583694641,1.000000082240371e-09,1.000000082240371e-09,-20.72326583694641,1.000000082240371e-09,-6.907755278315471,,
4400,0.000491891643656567,0.033454474061727524,1.000000082240371e-09,-20.72326583694641,0.48121182567763754,1.000000082240371e-09,-20.72326583694641,1.000000082240371e-09,-6.827553307535864,,
4500,0.0004912063974376475,0.03556863218545914,1.000000082240371e-09,-20.72326583694641,1.000000082240371e-09,1.000000082240371e-09,-20.72326583694641,1.000000082240371e-09,-6.907755278315471,,
4600,0.0004904939337541093,0.03317209705710411,1.000000082240371e-09,-20.72326583694641,1.000000082240371e-09,1.000000082240371e-09,-20.72326583694641,1.000000082240371e-09,-6.907755278315471,,
4700,0.0004897543422955056,0.03881271183490753,1.000000082240371e-09,1.000000082240371e-09,1.000000082240371e-09,-20.72326583694641,-20.72326583694641,1.000000082240371e-09,-6.907755278315471,,
4800,0.0004889877161664096,0.0365254245698452,1.000000082240371e-09,1.000000082240371e-09,0.48121182567763754,-20.72326583694641,-20.72326583694641,1.000000082240371e-09,-6.827553307535864,,
4900,0.00048819415187469404,0.03448120877146721,1.000000082240371e-09,1.000000082240371e-09,1.000000082240371e-09,-20.72326583694641,-20.72326583694641,1.000000082240371e-09,-6.907755278315471,,
5000,0.00048737374931938273,0.03930655121803284,1.000000082240371e-09,1.000000082240371e-09,0.48121182567763754,-20.72326583694641,1.000000082240371e-09,1.000000082240371e-09,-3.373675667878129,tensor(0.0345),1.0350534731689611
5100,0.00048652661177807426,0.04111563414335251,1.000000082240371e-09,1.000000082240371e-09,0.48121182567763754,-20.72326583694641,1.000000082240371e-09,1.000000082240371e-09,-3.373675667878129,,
5200,0.0004856528458939409,0.03614473715424538,1.000000082240371e-09,1.000000082240371e-09,1.000000082240371e-09,1.000000082240371e-09,1.000000082240371e-09,1.000000082240371e-09,1.000000082240371e-09,,
5300,0.0004847525616623032,0.03403359279036522,1.000000082240371e-09,-20.72326583694641,1.000000082240371e-09,1.000000082240371e-09,1.000000082240371e-09,1.000000082240371e-09,-3.453877638657735,,
5400,0.0004838258724167838,0.0391104631125927,-20.72326583694641,-20.72326583694641,0.48121182567763754,1.000000082240371e-09,1.000000082240371e-09,1.000000082240371e-09,-6.827553307535865,,
5500,0.0004828728948150395,0.036865316331386566,-20.72326583694641,1.000000082240371e-09,0.48121182567763754,1.000000082240371e-09,1.000000082240371e-09,1.000000082240371e-09,-3.373675667878129,,
5600,0.0004818937488240764,0.035547126084566116,-20.72326583694641,1.000000082240371e-09,0.48121182567763754,-20.72326583694641,1.000000082240371e-09,1.000000082240371e-09,-6.827553307535865,,
5700,0.000480888557705147,0.03540417179465294,-20.72326583694641,-20.72326583694641,1.000000082240371e-09,-20.72326583694641,1.000000082240371e-09,1.000000082240371e-09,-10.361632917973207,,
5800,0.0004798574479982336,0.031805310398340225,1.000000082240371e-09,1.000000082240371e-09,0.48121182567763754,1.000000082240371e-09,-20.72326583694641,1.000000082240371e-09,-3.373675667878129,,
5900,0.00047880054950611865,0.0418996661901474,1.000000082240371e-09,-20.72326583694641,0.6931471810599453,1.000000082240371e-09,-20.72326583694641,1.000000082240371e-09,-6.792230748305479,,
6000,0.0004777179952780443,0.034816525876522064,-20.72326583694641,-20.72326583694641,0.48121182567763754,1.000000082240371e-09,1.000000082240371e-09,1.000000082240371e-09,-6.827553307535865,tensor(0.0332),1.0337434789819973
6100,0.0004766099215929632,0.039654266089200974,1.000000082240371e-09,-20.72326583694641,1.000000082240371e-09,1.000000082240371e-09,-20.72326583694641,1.000000082240371e-09,-6.907755278315471,,
6200,0.00047547646794238277,0.034578632563352585,1.000000082240371e-09,-20.72326583694641,1.000000082240371e-09,-20.72326583694641,-20.72326583694641,1.000000082240371e-09,-10.361632917973205,,
6300,0.0004743177770128055,0.035992346704006195,1.000000082240371e-09,-20.72326583694641,1.000000082240371e-09,-20.72326583694641,-20.72326583694641,1.000000082240371e-09,-10.361632917973205,,
6400,0.00047313399466776605,0.03654114529490471,1.000000082240371e-09,1.000000082240371e-09,1.000000082240371e-09,-20.72326583694641,-20.72326583694641,1.000000082240371e-09,-6.907755278315471,,
6500,0.0004719252699294696,0.03804079070687294,1.000000082240371e-09,1.000000082240371e-09,-20.72326583694641,-20.72326583694641,-20.72326583694641,1.000000082240371e-09,-10.361632917973205,,
6600,0.00047069175496003147,0.037059955298900604,1.000000082240371e-09,1.000000082240371e-09,1.000000082240371e-09,-20.72326583694641,-20.72326583694641,1.000000082240371e-09,-6.907755278315471,,
6700,0.00046943360504232234,0.030978064984083176,1.000000082240371e-09,1.000000082240371e-09,1.000000082240371e-09,-20.72326583694641,1.000000082240371e-09,1.000000082240371e-09,-3.453877638657735,,
6800,0.0004681509785604199,0.03942131623625755,1.000000082240371e-09,1.000000082240371e-09,1.000000082240371e-09,-20.72326583694641,-20.72326583694641,1.000000082240371e-09,-6.907755278315471,,
6900,0.00046684403697967074,0.03733163699507713,1.000000082240371e-09,1.000000082240371e-09,1.000000082240371e-09,-20.72326583694641,-20.72326583694641,1.000000082240371e-09,-6.907755278315471,,
7000,0.0004655129448263639,0.035391584038734436,1.000000082240371e-09,1.000000082240371e-09,1.000000082240371e-09,-20.72326583694641,-20.72326583694641,1.000000082240371e-09,-6.907755278315471,tensor(0.0337),1.0342621185014806
7100,0.0004641578696670193,0.03492112457752228,1.000000082240371e-09,1.000000082240371e-09,1.000000082240371e-09,-20.72326583694641,-20.72326583694641,1.000000082240371e-09,-6.907755278315471,,
7200,0.0004627789820872931,0.03258635476231575,1.000000082240371e-09,1.000000082240371e-09,1.000000082240371e-09,-20.72326583694641,-20.72326583694641,1.000000082240371e-09,-6.907755278315471,,
7300,0.0004613764556705037,0.03338410705327988,1.000000082240371e-09,1.000000082240371e-09,1.000000082240371e-09,-20.72326583694641,-20.72326583694641,1.000000082240371e-09,-6.907755278315471,,
7400,0.00045995046697577975,0.034151170402765274,1.000000082240371e-09,1.000000082240371e-09,1.000000082240371e-09,-20.72326583694641,-20.72326583694641,1.000000082240371e-09,-6.907755278315471,,
7500,0.00045850119551583355,0.034155335277318954,1.000000082240371e-09,1.000000082240371e-09,-20.72326583694641,-20.72326583694641,-20.72326583694641,1.000000082240371e-09,-10.361632917973205,,
7600,0.00045702882373436317,0.0315147340297699,1.000000082240371e-09,1.000000082240371e-09,1.000000082240371e-09,-20.72326583694641,-20.72326583694641,1.000000082240371e-09,-6.907755278315471,,
7700,0.00045553353698308505,0.0369124673306942,1.000000082240371e-09,1.000000082240371e-09,1.000000082240371e-09,-20.72326583694641,1.000000082240371e-09,1.000000082240371e-09,-3.453877638657735,,
7800,0.00045401552349840077,0.03623715043067932,1.000000082240371e-09,1.000000082240371e-09,1.000000082240371e-09,-20.72326583694641,-20.72326583694641,1.000000082240371e-09,-6.907755278315471,,
7900,0.00045247497437770056,0.031026307493448257,1.000000082240371e-09,1.000000082240371e-09,-20.72326583694641,-20.72326583694641,-20.72326583694641,1.000000082240371e-09,-10.361632917973205,,
8000,0.00045091208355530675,0.026746293529868126,1.000000082240371e-09,1.000000082240371e-09,1.000000082240371e-09,-20.72326583694641,-20.72326583694641,1.000000082240371e-09,-6.907755278315471,tensor(0.0322),1.0327735914552179
8100,0.0004493270477780602,0.031775228679180145,1.000000082240371e-09,1.000000082240371e-09,1.000000082240371e-09,-20.72326583694641,-20.72326583694641,1.000000082240371e-09,-6.907755278315471,,
8200,0.0004477200665805525,0.0319504551589489,1.000000082240371e-09,1.000000082240371e-09,1.000000082240371e-09,-20.72326583694641,-20.72326583694641,1.000000082240371e-09,-6.907755278315471,,
8300,0.000446091342260007,0.028800133615732193,1.000000082240371e-09,1.000000082240371e-09,1.000000082240371e-09,-20.72326583694641,-20.72326583694641,1.000000082240371e-09,-6.907755278315471,,
8400,0.0004444410798508125,0.035800497978925705,1.000000082240371e-09,1.000000082240371e-09,1.000000082240371e-09,-20.72326583694641,-20.72326583694641,1.000000082240371e-09,-6.907755278315471,,
8500,0.00044276948709871225,0.035180896520614624,1.000000082240371e-09,1.000000082240371e-09,1.000000082240371e-09,-20.72326583694641,-20.72326583694641,1.000000082240371e-09,-6.907755278315471,,
8600,0.0004410767744346517,0.036534737795591354,1.000000082240371e-09,1.000000082240371e-09,-20.72326583694641,1.000000082240371e-09,-20.72326583694641,1.000000082240371e-09,-6.907755278315471,,
8700,0.00043936315494828745,0.031573906540870667,1.000000082240371e-09,1.000000082240371e-09,-20.72326583694641,1.000000082240371e-09,-20.72326583694641,1.000000082240371e-09,-6.907755278315471,,
8800,0.0004376288443611631,0.037743497639894485,1.000000082240371e-09,1.000000082240371e-09,-20.72326583694641,1.000000082240371e-09,-20.72326583694641,1.000000082240371e-09,-6.907755278315471,,
8900,0.000435874060999552,0.037730440497398376,1.000000082240371e-09,1.000000082240371e-09,-20.72326583694641,1.000000082240371e-09,-20.72326583694641,1.000000082240371e-09,-6.907755278315471,,
9000,0.0004340990257669732,0.03173289820551872,1.000000082240371e-09,1.000000082240371e-09,-20.72326583694641,1.000000082240371e-09,-20.72326583694641,1.000000082240371e-09,-6.907755278315471,tensor(0.0312),1.0316444871135801
9100,0.0004323039621163829,0.03569595515727997,1.000000082240371e-09,1.000000082240371e-09,-20.72326583694641,1.000000082240371e-09,-20.72326583694641,1.000000082240371e-09,-6.907755278315471,,
9200,0.0004304890960220446,0.029839416965842247,1.000000082240371e-09,1.000000082240371e-09,-20.72326583694641,1.000000082240371e-09,-20.72326583694641,1.000000082240371e-09,-6.907755278315471,,
9300,0.0004286546559510816,0.030573884025216103,1.000000082240371e-09,1.000000082240371e-09,-20.72326583694641,1.000000082240371e-09,-20.72326583694641,1.000000082240371e-09,-6.907755278315471,,
9400,0.0004268008728347168,0.038184765726327896,1.000000082240371e-09,1.000000082240371e-09,-20.72326583694641,1.000000082240371e-09,-20.72326583694641,1.000000082240371e-09,-6.907755278315471,,
9500,0.0004249279800392009,0.034354157745838165,1.000000082240371e-09,1.000000082240371e-09,-20.72326583694641,1.000000082240371e-09,-20.72326583694641,1.000000082240371e-09,-6.907755278315471,,
9600,0.0004230362133364354,0.028621148318052292,1.000000082240371e-09,1.000000082240371e-09,-20.72326583694641,-20.72326583694641,1.000000082240371e-09,1.000000082240371e-09,-6.907755278315471,,
9700,0.0004211258108742913,0.03759681060910225,1.000000082240371e-09,1.000000082240371e-09,-20.72326583694641,-20.72326583694641,1.000000082240371e-09,1.000000082240371e-09,-6.907755278315471,,
9800,0.00041919701314663044,0.03248376026749611,1.000000082240371e-09,1.000000082240371e-09,-20.72326583694641,-20.72326583694641,1.000000082240371e-09,1.000000082240371e-09,-6.907755278315471,,
9900,0.00041725006296302973,0.025275656953454018,1.000000082240371e-09,1.000000082240371e-09,-20.72326583694641,-20.72326583694641,1.000000082240371e-09,1.000000082240371e-09,-6.907755278315471,,
10000,0.0004152852054182151,0.03199836239218712,1.000000082240371e-09,1.000000082240371e-09,-20.72326583694641,-20.72326583694641,1.000000082240371e-09,1.000000082240371e-09,-6.907755278315471,tensor(0.0320),1.0325081177877415
10100,0.0004133026878612074,0.030137762427330017,1.000000082240371e-09,1.000000082240371e-09,-20.72326583694641,1.000000082240371e-09,-20.72326583694641,1.000000082240371e-09,-6.907755278315471,,
10200,0.0004113027598641845,0.030451234430074692,1.000000082240371e-09,1.000000082240371e-09,-20.72326583694641,1.000000082240371e-09,1.000000082240371e-09,1.000000082240371e-09,-3.453877638657735,,
10300,0.00040928567319106334,0.030188262462615967,1.000000082240371e-09,1.000000082240371e-09,-20.72326583694641,1.000000082240371e-09,1.000000082240371e-09,1.000000082240371e-09,-3.453877638657735,,
10400,0.0004072516817658065,0.03426432982087135,1.000000082240371e-09,1.000000082240371e-09,-20.72326583694641,1.000000082240371e-09,1.000000082240371e-09,1.000000082240371e-09,-3.453877638657735,,
10500,0.0004052010416404563,0.0297645665705204,1.000000082240371e-09,1.000000082240371e-09,-20.72326583694641,1.000000082240371e-09,1.000000082240371e-09,1.000000082240371e-09,-3.453877638657735,,
10600,0.0004031340109629017,0.03460352495312691,1.000000082240371e-09,1.000000082240371e-09,-20.72326583694641,1.000000082240371e-09,1.000000082240371e-09,1.000000082240371e-09,-3.453877638657735,,
10700,0.00040105084994438063,0.03218495473265648,1.000000082240371e-09,1.000000082240371e-09,-20.72326583694641,1.000000082240371e-09,1.000000082240371e-09,1.000000082240371e-09,-3.453877638657735,,
10800,0.0003989518208267231,0.03517891839146614,1.000000082240371e-09,1.000000082240371e-09,-20.72326583694641,-20.72326583694641,-20.72326583694641,1.000000082240371e-09,-10.361632917973205,,
10900,0.00039683718784933833,0.031479362398386,1.000000082240371e-09,1.000000082240371e-09,-20.72326583694641,-20.72326583694641,-20.72326583694641,1.000000082240371e-09,-10.361632917973205,,
11000,0.00039470721721595074,0.02651618979871273,1.000000082240371e-09,1.000000082240371e-09,-20.72326583694641,-20.72326583694641,-20.72326583694641,1.000000082240371e-09,-10.361632917973205,tensor(0.0309),1.0313682171096097
11100,0.0003925621770610885,0.03032710961997509,1.000000082240371e-09,1.000000082240371e-09,-20.72326583694641,1.000000082240371e-09,-20.72326583694641,1.000000082240371e-09,-6.907755278315471,,
11200,0.0003904023374163289,0.035131532698869705,1.000000082240371e-09,1.000000082240371e-09,-20.72326583694641,1.000000082240371e-09,-20.72326583694641,1.000000082240371e-09,-6.907755278315471,,
11300,0.00038822797017630506,0.03301467001438141,1.000000082240371e-09,1.000000082240371e-09,-20.72326583694641,1.000000082240371e-09,-20.72326583694641,1.000000082240371e-09,-6.907755278315471,,
11400,0.0003860393490644781,0.030206162482500076,1.000000082240371e-09,1.000000082240371e-09,-20.72326583694641,1.000000082240371e-09,-20.72326583694641,1.000000082240371e-09,-6.907755278315471,,
11500,0.00038383674959867895,0.028980262577533722,1.000000082240371e-09,1.000000082240371e-09,-20.72326583694641,1.000000082240371e-09,-20.72326583694641,1.000000082240371e-09,-6.907755278315471,,
11600,0.0003816204490564247,0.03341742604970932,1.000000082240371e-09,1.000000082240371e-09,1.000000082240371e-09,1.000000082240371e-09,-20.72326583694641,1.000000082240371e-09,-3.453877638657735,,
11700,0.0003793907264400127,0.03111167997121811,1.000000082240371e-09,1.000000082240371e-09,-20.72326583694641,1.000000082240371e-09,-20.72326583694641,1.000000082240371e-09,-6.907755278315471,,
11800,0.000377147862441398,0.02993134967982769,1.000000082240371e-09,1.000000082240371e-09,1.000000082240371e-09,1.000000082240371e-09,1.000000082240371e-09,1.000000082240371e-09,1.000000082240371e-09,,
11900,0.0003748921394068585,0.027855105698108673,1.000000082240371e-09,1.000000082240371e-09,1.000000082240371e-09,1.000000082240371e-09,1.000000082240371e-09,1.000000082240371e-09,1.000000082240371e-09,,
12000,0.0003726238413014506,0.02977384813129902,1.000000082240371e-09,1.000000082240371e-09,1.000000082240371e-09,0.48121182567763754,1.000000082240371e-09,1.000000082240371e-09,0.08020197177960632,tensor(0.0310),1.0314946545157933
12100,0.0003703432536732625,0.029033441096544266,1.000000082240371e-09,1.000000082240371e-09,-20.72326583694641,1.000000082240371e-09,1.000000082240371e-09,1.000000082240371e-09,-3.453877638657735,,
12200,0.00036805066361746716,0.03476361930370331,1.000000082240371e-09,1.000000082240371e-09,1.000000082240371e-09,0.48121182567763754,-20.72326583694641,1.000000082240371e-09,-3.373675667878129,,
12300,0.0003657463597401812,0.0341193713247776,1.000000082240371e-09,-20.72326583694641,1.000000082240371e-09,1.000000082240371e-09,-20.72326583694641,1.000000082240371e-09,-6.907755278315471,,
12400,0.00036343063212213283,0.029296282678842545,1.000000082240371e-09,-20.72326583694641,1.000000082240371e-09,1.000000082240371e-09,-20.72326583694641,1.000000082240371e-09,-6.907755278315471,,
12500,0.00036110377228214523,0.03697581589221954,1.000000082240371e-09,1.000000082240371e-09,1.000000082240371e-09,1.000000082240371e-09,-20.72326583694641,1.000000082240371e-09,-3.453877638657735,,
12600,0.00035876607314043766,0.031421247869729996,1.000000082240371e-09,1.000000082240371e-09,-20.72326583694641,1.000000082240371e-09,-20.72326583694641,1.000000082240371e-09,-6.907755278315471,,
12700,0.0003564178289817513,0.03164605423808098,1.000000082240371e-09,-20.72326583694641,-20.72326583694641,1.000000082240371e-09,-20.72326583694641,1.000000082240371e-09,-10.361632917973205,,
12800,0.0003540593354183021,0.025760088115930557,1.000000082240371e-09,-20.72326583694641,-20.72326583694641,1.000000082240371e-09,-20.72326583694641,1.000000082240371e-09,-10.361632917973205,,
12900,0.00035169088935256814,0.03449226915836334,1.000000082240371e-09,-20.72326583694641,-20.72326583694641,-20.72326583694641,-20.72326583694641,1.000000082240371e-09,-13.815510557630938,,
13000,0.00034931278893991265,0.027874909341335297,1.000000082240371e-09,-20.72326583694641,-20.72326583694641,1.000000082240371e-09,-20.72326583694641,1.000000082240371e-09,-10.361632917973205,tensor(0.0300),1.0304525486346978
13100,0.00034692533355105086,0.031854864209890366,1.000000082240371e-09,1.000000082240371e-09,-20.72326583694641,1.000000082240371e-09,-20.72326583694641,1.000000082240371e-09,-6.907755278315471,,
13200,0.0003445288237343632,0.03281170502305031,1.000000082240371e-09,1.000000082240371e-09,-20.72326583694641,0.48121182567763754,-20.72326583694641,1.000000082240371e-09,-6.827553307535864,,
13300,0.00034212356117806013,0.028117971494793892,1.000000082240371e-09,1.000000082240371e-09,1.000000082240371e-09,0.48121182567763754,-20.72326583694641,1.000000082240371e-09,-3.373675667878129,,
13400,0.0003397098486722039,0.03224780783057213,1.000000082240371e-09,1.000000082240371e-09,-20.72326583694641,0.48121182567763754,-20.72326583694641,1.000000082240371e-09,-6.827553307535864,,
13500,0.00033728799007059113,0.029564591124653816,1.000000082240371e-09,1.000000082240371e-09,-20.72326583694641,0.48121182567763754,1.000000082240371e-09,1.000000082240371e-09,-3.373675667878129,,
13600,0.0003348582902525019,0.03151882067322731,1.000000082240371e-09,1.000000082240371e-09,-20.72326583694641,0.48121182567763754,1.000000082240371e-09,1.000000082240371e-09,-3.373675667878129,,
13700,0.0003324210550843196,0.0270520206540823,1.000000082240371e-09,1.000000082240371e-09,-20.72326583694641,0.48121182567763754,1.000000082240371e-09,1.000000082240371e-09,-3.373675667878129,,
13800,0.0003299765913810262,0.026915952563285828,1.000000082240371e-09,1.000000082240371e-09,-20.72326583694641,0.48121182567763754,-20.72326583694641,1.000000082240371e-09,-6.827553307535864,,
13900,0.00032752520686757874,0.03496348485350609,1.000000082240371e-09,1.000000082240371e-09,1.000000082240371e-09,0.48121182567763754,-20.72326583694641,1.000000082240371e-09,-3.373675667878129,,
14000,0.00032506721014017074,0.03050808049738407,1.000000082240371e-09,1.000000082240371e-09,1.000000082240371e-09,0.48121182567763754,1.000000082240371e-09,1.000000082240371e-09,0.08020197177960632,tensor(0.0304),1.0308864745954123
14100,0.00032260291062738417,0.029051758348941803,1.000000082240371e-09,1.000000082240371e-09,1.000000082240371e-09,0.48121182567763754,1.000000082240371e-09,1.000000082240371e-09,0.08020197177960632,,
14200,0.0003201326185512364,0.03258182108402252,1.000000082240371e-09,1.000000082240371e-09,1.000000082240371e-09,0.48121182567763754,1.000000082240371e-09,1.000000082240371e-09,0.08020197177960632,,
14300,0.0003176566448881277,0.027498634532094002,1.000000082240371e-09,1.000000082240371e-09,1.000000082240371e-09,0.48121182567763754,1.000000082240371e-09,1.000000082240371e-09,0.08020197177960632,,
14400,0.00031517530132969324,0.026516996324062347,1.000000082240371e-09,1.000000082240371e-09,1.000000082240371e-09,0.48121182567763754,1.000000082240371e-09,1.000000082240371e-09,0.08020197177960632,,
14500,0.0003126889002435657,0.029119199141860008,1.000000082240371e-09,1.000000082240371e-09,1.000000082240371e-09,0.48121182567763754,1.000000082240371e-09,1.000000082240371e-09,0.08020197177960632,,
14600,0.000310197754634052,0.02835521474480629,1.000000082240371e-09,1.000000082240371e-09,1.000000082240371e-09,0.48121182567763754,1.000000082240371e-09,1.000000082240371e-09,0.08020197177960632,,
14700,0.0003077021781027304,0.02728632465004921,1.000000082240371e-09,1.000000082240371e-09,1.000000082240371e-09,1.000000082240371e-09,1.000000082240371e-09,1.000000082240371e-09,1.000000082240371e-09,,
14800,0.0003052024848089725,0.031669553369283676,1.000000082240371e-09,1.000000082240371e-09,-20.72326583694641,1.000000082240371e-09,-20.72326583694641,1.000000082240371e-09,-6.907755278315471,,
14900,0.00030269898943039467,0.027735097333788872,1.000000082240371e-09,1.000000082240371e-09,-20.72326583694641,1.000000082240371e-09,-20.72326583694641,1.000000082240371e-09,-6.907755278315471,,
15000,0.0003001920071232443,0.02885616384446621,1.000000082240371e-09,1.000000082240371e-09,1.000000082240371e-09,0.48121182567763754,-20.72326583694641,1.000000082240371e-09,-3.373675667878129,tensor(0.0296),1.0300260920391728
15100,0.000297681853482726,0.03178032487630844,1.000000082240371e-09,1.000000082240371e-09,1.000000082240371e-09,0.48121182567763754,-20.72326583694641,1.000000082240371e-09,-3.373675667878129,,
15200,0.00029516884450327255,0.033069923520088196,1.000000082240371e-09,1.000000082240371e-09,1.000000082240371e-09,0.48121182567763754,-20.72326583694641,1.000000082240371e-09,-3.373675667878129,,
15300,0.00029265329653876515,0.03236328065395355,1.000000082240371e-09,1.000000082240371e-09,1.000000082240371e-09,1.000000082240371e-09,-20.72326583694641,1.000000082240371e-09,-3.453877638657735,,
15400,0.00029013552626270893,0.026938404887914658,1.000000082240371e-09,1.000000082240371e-09,-20.72326583694641,0.48121182567763754,-20.72326583694641,1.000000082240371e-09,-6.827553307535864,,
15500,0.00028761585062836816,0.02942749857902527,1.000000082240371e-09,1.000000082240371e-09,-20.72326583694641,0.48121182567763754,-20.72326583694641,1.000000082240371e-09,-6.827553307535864,,
15600,0.0002850945868288659,0.025961676612496376,1.000000082240371e-09,1.000000082240371e-09,-20.72326583694641,1.000000082240371e-09,-20.72326583694641,1.000000082240371e-09,-6.907755278315471,,
15700,0.0002825720522572537,0.034758709371089935,1.000000082240371e-09,1.000000082240371e-09,-20.72326583694641,1.000000082240371e-09,1.000000082240371e-09,1.000000082240371e-09,-3.453877638657735,,
15800,0.00028004856446655615,0.03404638543725014,1.000000082240371e-09,1.000000082240371e-09,-20.72326583694641,1.000000082240371e-09,1.000000082240371e-09,1.000000082240371e-09,-3.453877638657735,,
15900,0.00027752444112979537,0.031220568343997,1.000000082240371e-09,1.000000082240371e-09,-20.72326583694641,0.48121182567763754,1.000000082240371e-09,1.000000082240371e-09,-3.373675667878129,,
16000,0.000275,0.02899560146033764,1.000000082240371e-09,1.000000082240371e-09,-20.72326583694641,1.000000082240371e-09,1.000000082240371e-09,1.000000082240371e-09,-3.453877638657735,tensor(0.0298),1.0302670680635153
16100,0.00027247555887020467,0.028258122503757477,1.000000082240371e-09,1.000000082240371e-09,-20.72326583694641,1.000000082240371e-09,-20.72326583694641,1.000000082240371e-09,-6.907755278315471,,
16200,0.00026995143553344394,0.03087783232331276,1.000000082240371e-09,1.000000082240371e-09,-20.72326583694641,1.000000082240371e-09,-20.72326583694641,1.000000082240371e-09,-6.907755278315471,,
16300,0.0002674279477427464,0.031112367287278175,1.000000082240371e-09,1.000000082240371e-09,-20.72326583694641,1.000000082240371e-09,-20.72326583694641,1.000000082240371e-09,-6.907755278315471,,
16400,0.0002649054131711342,0.029109427705407143,1.000000082240371e-09,1.000000082240371e-09,-20.72326583694641,1.000000082240371e-09,-20.72326583694641,1.000000082240371e-09,-6.907755278315471,,
16500,0.0002623841493716318,0.03408340364694595,1.000000082240371e-09,1.000000082240371e-09,-20.72326583694641,1.000000082240371e-09,-20.72326583694641,1.000000082240371e-09,-6.907755278315471,,
16600,0.0002598644737372911,0.02489636465907097,1.000000082240371e-09,1.000000082240371e-09,-20.72326583694641,1.000000082240371e-09,-20.72326583694641,1.000000082240371e-09,-6.907755278315471,,
16700,0.00025734670346123494,0.023363156244158745,1.000000082240371e-09,1.000000082240371e-09,-20.72326583694641,1.000000082240371e-09,-20.72326583694641,1.000000082240371e-09,-6.907755278315471,,
16800,0.0002548311554967275,0.02840122953057289,1.000000082240371e-09,1.000000082240371e-09,-20.72326583694641,1.000000082240371e-09,-20.72326583694641,1.000000082240371e-09,-6.907755278315471,,
16900,0.000252318146517274,0.030489221215248108,1.000000082240371e-09,1.000000082240371e-09,-20.72326583694641,0.48121182567763754,-20.72326583694641,1.000000082240371e-09,-6.827553307535864,,
17000,0.00024980799287675575,0.028255732730031013,1.000000082240371e-09,1.000000082240371e-09,-20.72326583694641,1.000000082240371e-09,-20.72326583694641,1.000000082240371e-09,-6.907755278315471,tensor(0.0293),1.0297029763577221
17100,0.00024730101056960537,0.02983313798904419,1.000000082240371e-09,1.000000082240371e-09,-20.72326583694641,1.000000082240371e-09,-20.72326583694641,1.000000082240371e-09,-6.907755278315471,,
17200,0.0002447975151910276,0.02833138220012188,1.000000082240371e-09,1.000000082240371e-09,-20.72326583694641,1.000000082240371e-09,-20.72326583694641,1.000000082240371e-09,-6.907755278315471,,
17300,0.00024229782189726969,0.02988559938967228,1.000000082240371e-09,1.000000082240371e-09,-20.72326583694641,0.48121182567763754,-20.72326583694641,1.000000082240371e-09,-6.827553307535864,,
17400,0.000239802245365948,0.029513737186789513,1.000000082240371e-09,1.000000082240371e-09,-20.72326583694641,0.48121182567763754,-20.72326583694641,1.000000082240371e-09,-6.827553307535864,,
17500,0.00023731109975643432,0.032485079020261765,1.000000082240371e-09,1.000000082240371e-09,-20.72326583694641,0.48121182567763754,-20.72326583694641,1.000000082240371e-09,-6.827553307535864,,
17600,0.00023482469867030676,0.026602772995829582,1.000000082240371e-09,1.000000082240371e-09,-20.72326583694641,0.48121182567763754,1.000000082240371e-09,1.000000082240371e-09,-3.373675667878129,,
17700,0.00023234335511187234,0.025468528270721436,1.000000082240371e-09,1.000000082240371e-09,-20.72326583694641,0.48121182567763754,1.000000082240371e-09,1.000000082240371e-09,-3.373675667878129,,
17800,0.00022986738144876363,0.025682128965854645,1.000000082240371e-09,1.000000082240371e-09,-20.72326583694641,0.48121182567763754,1.000000082240371e-09,1.000000082240371e-09,-3.373675667878129,,
17900,0.00022739708937261587,0.035703111439943314,1.000000082240371e-09,1.000000082240371e-09,-20.72326583694641,1.000000082240371e-09,-20.72326583694641,1.000000082240371e-09,-6.907755278315471,,
18000,0.00022493278985982927,0.031352199614048004,1.000000082240371e-09,1.000000082240371e-09,-20.72326583694641,1.000000082240371e-09,-20.72326583694641,1.000000082240371e-09,-6.907755278315471,tensor(0.0288),1.0292143184672347
18100,0.00022247479313242135,0.026561148464679718,1.000000082240371e-09,1.000000082240371e-09,-20.72326583694641,1.000000082240371e-09,-20.72326583694641,1.000000082240371e-09,-6.907755278315471,,
18200,0.0002200234086189738,0.028376806527376175,1.000000082240371e-09,1.000000082240371e-09,-20.72326583694641,1.000000082240371e-09,-20.72326583694641,1.000000082240371e-09,-6.907755278315471,,
18300,0.0002175789449156804,0.02981674112379551,1.000000082240371e-09,1.000000082240371e-09,-20.72326583694641,1.000000082240371e-09,-20.72326583694641,1.000000082240371e-09,-6.907755278315471,,
18400,0.0002151417097474981,0.02829960361123085,1.000000082240371e-09,1.000000082240371e-09,-20.72326583694641,1.000000082240371e-09,-20.72326583694641,1.000000082240371e-09,-6.907755278315471,,
18500,0.0002127120099294089,0.027424156665802002,1.000000082240371e-09,1.000000082240371e-09,-20.72326583694641,0.48121182567763754,-20.72326583694641,1.000000082240371e-09,-6.827553307535864,,
18600,0.00021029015132779613,0.028514478355646133,1.000000082240371e-09,1.000000082240371e-09,-20.72326583694641,0.48121182567763754,-20.72326583694641,1.000000082240371e-09,-6.827553307535864,,
18700,0.00020787643882193987,0.02843421697616577,1.000000082240371e-09,1.000000082240371e-09,-20.72326583694641,0.48121182567763754,-20.72326583694641,1.000000082240371e-09,-6.827553307535864,,
18800,0.00020547117626563684,0.026015380397439003,1.000000082240371e-09,1.000000082240371e-09,-20.72326583694641,0.48121182567763754,-20.72326583694641,1.000000082240371e-09,-6.827553307535864,,
18900,0.0002030746664489492,0.028526347130537033,1.000000082240371e-09,1.000000082240371e-09,-20.72326583694641,0.48121182567763754,-20.72326583694641,1.000000082240371e-09,-6.827553307535864,,
19000,0.00020068721106008747,0.03045627288520336,1.000000082240371e-09,1.000000082240371e-09,-20.72326583694641,1.000000082240371e-09,-20.72326583694641,1.000000082240371e-09,-6.907755278315471,tensor(0.0284),1.0287740963064733
19100,0.00019830911064743187,0.03370741382241249,1.000000082240371e-09,1.000000082240371e-09,-20.72326583694641,0.48121182567763754,-20.72326583694641,1.000000082240371e-09,-6.827553307535864,,
19200,0.00019594066458169786,0.029692547395825386,1.000000082240371e-09,1.000000082240371e-09,-20.72326583694641,1.000000082240371e-09,-20.72326583694641,1.000000082240371e-09,-6.907755278315471,,
19300,0.0001935821710182488,0.029962671920657158,1.000000082240371e-09,1.000000082240371e-09,-20.72326583694641,1.000000082240371e-09,-20.72326583694641,1.000000082240371e-09,-6.907755278315471,,
19400,0.00019123392685956232,0.02665424346923828,1.000000082240371e-09,1.000000082240371e-09,-20.72326583694641,0.48121182567763754,-20.72326583694641,1.000000082240371e-09,-6.827553307535864,,
19500,0.0001888962277178548,0.03311687707901001,1.000000082240371e-09,1.000000082240371e-09,-20.72326583694641,0.48121182567763754,-20.72326583694641,1.000000082240371e-09,-6.827553307535864,,
19600,0.0001865693678778672,0.028524961322546005,1.000000082240371e-09,1.000000082240371e-09,-20.72326583694641,0.48121182567763754,-20.72326583694641,1.000000082240371e-09,-6.827553307535864,,
19700,0.00018425364025981888,0.02610817365348339,1.000000082240371e-09,1.000000082240371e-09,-20.72326583694641,1.000000082240371e-09,-20.72326583694641,1.000000082240371e-09,-6.907755278315471,,
19800,0.00018194933638253287,0.029180258512496948,1.000000082240371e-09,1.000000082240371e-09,-20.72326583694641,1.000000082240371e-09,-20.72326583694641,1.000000082240371e-09,-6.907755278315471,,
19900,0.00017965674632673754,0.024853898212313652,1.000000082240371e-09,1.000000082240371e-09,-20.72326583694641,1.000000082240371e-09,-20.72326583694641,1.000000082240371e-09,-6.907755278315471,,
20000,0.00017737615869854942,0.02835281379520893,1.000000082240371e-09,1.000000082240371e-09,-20.72326583694641,1.000000082240371e-09,-20.72326583694641,1.000000082240371e-09,-6.907755278315471,tensor(0.0281),1.028510995562523
20100,0.00017510786059314154,0.027187149971723557,1.000000082240371e-09,1.000000082240371e-09,-20.72326583694641,1.000000082240371e-09,-20.72326583694641,1.000000082240371e-09,-6.907755278315471,,
20200,0.00017285213755860196,0.03002326563000679,1.000000082240371e-09,1.000000082240371e-09,-20.72326583694641,1.000000082240371e-09,-20.72326583694641,1.000000082240371e-09,-6.907755278315471,,
20300,0.00017060927355998736,0.02874099649488926,1.000000082240371e-09,1.000000082240371e-09,-20.72326583694641,1.000000082240371e-09,-20.72326583694641,1.000000082240371e-09,-6.907755278315471,,
20400,0.00016837955094357532,0.028439853340387344,1.000000082240371e-09,1.000000082240371e-09,-20.72326583694641,1.000000082240371e-09,-20.72326583694641,1.000000082240371e-09,-6.907755278315471,,
20500,0.00016616325040132103,0.028538763523101807,1.000000082240371e-09,1.000000082240371e-09,-20.72326583694641,0.48121182567763754,-20.72326583694641,1.000000082240371e-09,-6.827553307535864,,
20600,0.00016396065093552195,0.025208428502082825,1.000000082240371e-09,1.000000082240371e-09,-20.72326583694641,0.48121182567763754,-20.72326583694641,1.000000082240371e-09,-6.827553307535864,,
20700,0.000161772029823695,0.023299353197216988,1.000000082240371e-09,1.000000082240371e-09,-20.72326583694641,0.48121182567763754,-20.72326583694641,1.000000082240371e-09,-6.827553307535864,,
20800,0.00015959766258367115,0.027415115386247635,1.000000082240371e-09,1.000000082240371e-09,-20.72326583694641,1.000000082240371e-09,-20.72326583694641,1.000000082240371e-09,-6.907755278315471,,
20900,0.00015743782293891153,0.030063871294260025,1.000000082240371e-09,1.000000082240371e-09,-20.72326583694641,1.000000082240371e-09,-20.72326583694641,1.000000082240371e-09,-6.907755278315471,,
21000,0.0001552927827840493,0.029172474518418312,1.000000082240371e-09,1.000000082240371e-09,-20.72326583694641,1.000000082240371e-09,-20.72326583694641,1.000000082240371e-09,-6.907755278315471,tensor(0.0280),1.0284224955048389
21100,0.00015316281215066173,0.026868972927331924,1.000000082240371e-09,1.000000082240371e-09,-20.72326583694641,1.000000082240371e-09,-20.72326583694641,1.000000082240371e-09,-6.907755278315471,,
21200,0.00015104817917327694,0.026809820905327797,1.000000082240371e-09,1.000000082240371e-09,-20.72326583694641,1.000000082240371e-09,1.000000082240371e-09,1.000000082240371e-09,-3.453877638657735,,
21300,0.00014894915005561938,0.026062043383717537,1.000000082240371e-09,1.000000082240371e-09,-20.72326583694641,1.000000082240371e-09,1.000000082240371e-09,1.000000082240371e-09,-3.453877638657735,,
21400,0.0001468659890370983,0.03422443941235542,1.000000082240371e-09,1.000000082240371e-09,-20.72326583694641,1.000000082240371e-09,-20.72326583694641,1.000000082240371e-09,-6.907755278315471,,
21500,0.0001447989583595437,0.02956823632121086,1.000000082240371e-09,1.000000082240371e-09,-20.72326583694641,1.000000082240371e-09,-20.72326583694641,1.000000082240371e-09,-6.907755278315471,,
21600,0.00014274831823419358,0.029469197615981102,1.000000082240371e-09,1.000000082240371e-09,-20.72326583694641,1.000000082240371e-09,-20.72326583694641,1.000000082240371e-09,-6.907755278315471,,
21700,0.0001407143268089367,0.03062206506729126,1.000000082240371e-09,1.000000082240371e-09,-20.72326583694641,1.000000082240371e-09,-20.72326583694641,1.000000082240371e-09,-6.907755278315471,,
21800,0.00013869724013581555,0.02991383895277977,1.000000082240371e-09,1.000000082240371e-09,-20.72326583694641,1.000000082240371e-09,-20.72326583694641,1.000000082240371e-09,-6.907755278315471,,
21900,0.00013669731213879265,0.02755310758948326,1.000000082240371e-09,1.000000082240371e-09,-20.72326583694641,1.000000082240371e-09,-20.72326583694641,1.000000082240371e-09,-6.907755278315471,,
22000,0.00013471479458178497,0.027523253113031387,1.000000082240371e-09,1.000000082240371e-09,-20.72326583694641,1.000000082240371e-09,-20.72326583694641,1.000000082240371e-09,-6.907755278315471,tensor(0.0275),1.0278611961750186
22100,0.00013274993703697033,0.025970032438635826,1.000000082240371e-09,1.000000082240371e-09,-20.72326583694641,1.000000082240371e-09,-20.72326583694641,1.000000082240371e-09,-6.907755278315471,,
22200,0.00013080298685336957,0.027787717059254646,1.000000082240371e-09,1.000000082240371e-09,-20.72326583694641,1.000000082240371e-09,-20.72326583694641,1.000000082240371e-09,-6.907755278315471,,
22300,0.0001288741891257087,0.02323962189257145,1.000000082240371e-09,1.000000082240371e-09,-20.72326583694641,1.000000082240371e-09,-20.72326583694641,1.000000082240371e-09,-6.907755278315471,,
22400,0.00012696378666356468,0.027743319049477577,1.000000082240371e-09,1.000000082240371e-09,-20.72326583694641,1.000000082240371e-09,-20.72326583694641,1.000000082240371e-09,-6.907755278315471,,
22500,0.00012507201996079912,0.028755463659763336,1.000000082240371e-09,1.000000082240371e-09,-20.72326583694641,1.000000082240371e-09,-20.72326583694641,1.000000082240371e-09,-6.907755278315471,,
22600,0.0001231991271652833,0.03240440413355827,1.000000082240371e-09,1.000000082240371e-09,-20.72326583694641,1.000000082240371e-09,-20.72326583694641,1.000000082240371e-09,-6.907755278315471,,
22700,0.00012134534404891845,0.02809506095945835,1.000000082240371e-09,1.000000082240371e-09,-20.72326583694641,0.48121182567763754,-20.72326583694641,1.000000082240371e-09,-6.827553307535864,,
22800,0.00011951090397795545,0.027541454881429672,1.000000082240371e-09,1.000000082240371e-09,-20.72326583694641,0.48121182567763754,-20.72326583694641,1.000000082240371e-09,-6.827553307535864,,
22900,0.0001176960378836171,0.026607006788253784,1.000000082240371e-09,1.000000082240371e-09,-20.72326583694641,0.48121182567763754,-20.72326583694641,1.000000082240371e-09,-6.827553307535864,,
23000,0.00011590097423302682,0.028931234031915665,1.000000082240371e-09,1.000000082240371e-09,-20.72326583694641,0.48121182567763754,-20.72326583694641,1.000000082240371e-09,-6.827553307535864,tensor(0.0276),1.027994435780829
23100,0.00011412593900044806,0.03304475173354149,1.000000082240371e-09,1.000000082240371e-09,-20.72326583694641,0.48121182567763754,-20.72326583694641,1.000000082240371e-09,-6.827553307535864,,
23200,0.00011237115563883691,0.02649078518152237,1.000000082240371e-09,1.000000082240371e-09,-20.72326583694641,0.48121182567763754,-20.72326583694641,1.000000082240371e-09,-6.827553307535864,,
23300,0.00011063684505171255,0.03220202773809433,1.000000082240371e-09,1.000000082240371e-09,-20.72326583694641,0.48121182567763754,-20.72326583694641,1.000000082240371e-09,-6.827553307535864,,
23400,0.00010892322556534838,0.021951137110590935,1.000000082240371e-09,1.000000082240371e-09,-20.72326583694641,0.48121182567763754,-20.72326583694641,1.000000082240371e-09,-6.827553307535864,,
23500,0.00010723051290128774,0.02352154068648815,1.000000082240371e-09,1.000000082240371e-09,-20.72326583694641,0.48121182567763754,-20.72326583694641,1.000000082240371e-09,-6.827553307535864,,
23600,0.00010555892014918757,0.02189321257174015,1.000000082240371e-09,1.000000082240371e-09,-20.72326583694641,0.48121182567763754,-20.72326583694641,1.000000082240371e-09,-6.827553307535864,,
23700,0.00010390865773999304,0.030636610463261604,1.000000082240371e-09,1.000000082240371e-09,-20.72326583694641,0.48121182567763754,-20.72326583694641,1.000000082240371e-09,-6.827553307535864,,
23800,0.0001022799334194475,0.02506617084145546,1.000000082240371e-09,1.000000082240371e-09,-20.72326583694641,0.48121182567763754,-20.72326583694641,1.000000082240371e-09,-6.827553307535864,,
23900,0.00010067295222193981,0.027297591790556908,1.000000082240371e-09,1.000000082240371e-09,-20.72326583694641,0.48121182567763754,-20.72326583694641,1.000000082240371e-09,-6.827553307535864,,
24000,9.90879164446933e-05,0.02758995071053505,1.000000082240371e-09,1.000000082240371e-09,-20.72326583694641,0.48121182567763754,-20.72326583694641,1.000000082240371e-09,-6.827553307535864,tensor(0.0273),1.0277246984892638
24100,9.752502562229953e-05,0.026301683858036995,1.000000082240371e-09,1.000000082240371e-09,-20.72326583694641,0.48121182567763754,-20.72326583694641,1.000000082240371e-09,-6.827553307535864,,
24200,9.59844765015993e-05,0.028688829392194748,1.000000082240371e-09,1.000000082240371e-09,-20.72326583694641,0.48121182567763754,-20.72326583694641,1.000000082240371e-09,-6.827553307535864,,
24300,9.446646301691498e-05,0.0244651697576046,1.000000082240371e-09,1.000000082240371e-09,-20.72326583694641,0.48121182567763754,1.000000082240371e-09,1.000000082240371e-09,-3.373675667878129,,
24400,9.297117626563684e-05,0.02306176908314228,1.000000082240371e-09,1.000000082240371e-09,-20.72326583694641,0.48121182567763754,1.000000082240371e-09,1.000000082240371e-09,-3.373675667878129,,
24500,9.149880448416645e-05,0.028230568394064903,1.000000082240371e-09,1.000000082240371e-09,-20.72326583694641,0.48121182567763754,1.000000082240371e-09,1.000000082240371e-09,-3.373675667878129,,
24600,9.004953302422029e-05,0.024517454206943512,1.000000082240371e-09,1.000000082240371e-09,-20.72326583694641,0.48121182567763754,1.000000082240371e-09,1.000000082240371e-09,-3.373675667878129,,
24700,8.862354432949631e-05,0.030838368460536003,1.000000082240371e-09,1.000000082240371e-09,-20.72326583694641,0.48121182567763754,1.000000082240371e-09,1.000000082240371e-09,-3.373675667878129,,
24800,8.72210179127069e-05,0.02616535872220993,1.000000082240371e-09,1.000000082240371e-09,-20.72326583694641,0.48121182567763754,1.000000082240371e-09,1.000000082240371e-09,-3.373675667878129,,
24900,8.584213033298073e-05,0.027828289195895195,1.000000082240371e-09,1.000000082240371e-09,-20.72326583694641,0.48121182567763754,1.000000082240371e-09,1.000000082240371e-09,-3.373675667878129,,
25000,8.448705517363607e-05,0.025993946939706802,1.000000082240371e-09,1.000000082240371e-09,-20.72326583694641,0.48121182567763754,1.000000082240371e-09,1.000000082240371e-09,-3.373675667878129,tensor(0.0278),1.028208048838272
25100,8.315596302032927e-05,0.02611655183136463,1.000000082240371e-09,1.000000082240371e-09,-20.72326583694641,0.48121182567763754,1.000000082240371e-09,1.000000082240371e-09,-3.373675667878129,,
25200,8.184902143958013e-05,0.023709138855338097,1.000000082240371e-09,1.000000082240371e-09,-20.72326583694641,0.48121182567763754,1.000000082240371e-09,1.000000082240371e-09,-3.373675667878129,,
25300,8.056639495767772e-05,0.02551187202334404,1.000000082240371e-09,1.000000082240371e-09,-20.72326583694641,0.48121182567763754,1.000000082240371e-09,1.000000082240371e-09,-3.373675667878129,,
25400,7.930824503996855e-05,0.027839554473757744,1.000000082240371e-09,1.000000082240371e-09,-20.72326583694641,0.48121182567763754,1.000000082240371e-09,1.000000082240371e-09,-3.373675667878129,,
25500,7.807473007053042e-05,0.029076581820845604,1.000000082240371e-09,1.000000082240371e-09,-20.72326583694641,0.48121182567763754,1.000000082240371e-09,1.000000082240371e-09,-3.373675667878129,,
25600,7.686600533223395e-05,0.027679430320858955,1.000000082240371e-09,1.000000082240371e-09,-20.72326583694641,0.48121182567763754,1.000000082240371e-09,1.000000082240371e-09,-3.373675667878129,,
25700,7.568222298719454e-05,0.02906723879277706,1.000000082240371e-09,1.000000082240371e-09,-20.72326583694641,0.48121182567763754,1.000000082240371e-09,1.000000082240371e-09,-3.373675667878129,,
25800,7.452353205761725e-05,0.026676421985030174,1.000000082240371e-09,1.000000082240371e-09,-20.72326583694641,0.48121182567763754,1.000000082240371e-09,1.000000082240371e-09,-3.373675667878129,,
25900,7.339007840703684e-05,0.030347328633069992,1.000000082240371e-09,1.000000082240371e-09,-20.72326583694641,0.48121182567763754,1.000000082240371e-09,1.000000082240371e-09,-3.373675667878129,,
26000,7.228200472195572e-05,0.028812117874622345,1.000000082240371e-09,1.000000082240371e-09,-20.72326583694641,0.48121182567763754,1.000000082240371e-09,1.000000082240371e-09,-3.373675667878129,tensor(0.0275),1.027885245001719
26100,7.119945049388134e-05,0.028180107474327087,1.000000082240371e-09,1.000000082240371e-09,-20.72326583694641,0.48121182567763754,1.000000082240371e-09,1.000000082240371e-09,-3.373675667878129,,
26200,7.014255200176643e-05,0.027042213827371597,1.000000082240371e-09,1.000000082240371e-09,-20.72326583694641,0.48121182567763754,1.000000082240371e-09,1.000000082240371e-09,-3.373675667878129,,
26300,6.911144229485304e-05,0.029748177155852318,1.000000082240371e-09,1.000000082240371e-09,-20.72326583694641,0.48121182567763754,1.000000082240371e-09,1.000000082240371e-09,-3.373675667878129,,
26400,6.810625117592362e-05,0.025677988305687904,1.000000082240371e-09,1.000000082240371e-09,-20.72326583694641,0.48121182567763754,1.000000082240371e-09,1.000000082240371e-09,-3.373675667878129,,
26500,6.712710518496048e-05,0.028368029743433,1.000000082240371e-09,1.000000082240371e-09,-20.72326583694641,0.48121182567763754,1.000000082240371e-09,1.000000082240371e-09,-3.373675667878129,,
26600,6.617412758321627e-05,0.032191820442676544,1.000000082240371e-09,1.000000082240371e-09,-20.72326583694641,0.48121182567763754,1.000000082240371e-09,1.000000082240371e-09,-3.373675667878129,,
26700,6.524743833769681e-05,0.020517079159617424,1.000000082240371e-09,1.000000082240371e-09,-20.72326583694641,0.48121182567763754,1.000000082240371e-09,1.000000082240371e-09,-3.373675667878129,,
26800,6.434715410605913e-05,0.03688421845436096,1.000000082240371e-09,1.000000082240371e-09,-20.72326583694641,0.48121182567763754,1.000000082240371e-09,1.000000082240371e-09,-3.373675667878129,,
26900,6.347338822192572e-05,0.028360195457935333,1.000000082240371e-09,1.000000082240371e-09,-20.72326583694641,0.48121182567763754,-20.72326583694641,1.000000082240371e-09,-6.827553307535864,,
27000,6.26262506806173e-05,0.02548746019601822,1.000000082240371e-09,1.000000082240371e-09,-20.72326583694641,0.48121182567763754,-20.72326583694641,1.000000082240371e-09,-6.827553307535864,tensor(0.0274),1.0277759930740402
27100,6.180584812530604e-05,0.029366476461291313,1.000000082240371e-09,1.000000082240371e-09,-20.72326583694641,0.48121182567763754,-20.72326583694641,1.000000082240371e-09,-6.827553307535864,,
27200,6.101228383359046e-05,0.026677263900637627,1.000000082240371e-09,1.000000082240371e-09,-20.72326583694641,0.48121182567763754,-20.72326583694641,1.000000082240371e-09,-6.827553307535864,,
27300,6.024565770449434e-05,0.03107847273349762,1.000000082240371e-09,1.000000082240371e-09,-20.72326583694641,0.48121182567763754,-20.72326583694641,1.000000082240371e-09,-6.827553307535864,,
27400,5.950606624589065e-05,0.02365005388855934,1.000000082240371e-09,1.000000082240371e-09,-20.72326583694641,0.48121182567763754,1.000000082240371e-09,1.000000082240371e-09,-3.373675667878129,,
27500,5.879360256235262e-05,0.027493774890899658,1.000000082240371e-09,1.000000082240371e-09,-20.72326583694641,0.48121182567763754,1.000000082240371e-09,1.000000082240371e-09,-3.373675667878129,,
27600,5.8108356343433026e-05,0.030117373913526535,1.000000082240371e-09,1.000000082240371e-09,-20.72326583694641,0.48121182567763754,1.000000082240371e-09,1.000000082240371e-09,-3.373675667878129,,
27700,5.745041385237357e-05,0.02450615167617798,1.000000082240371e-09,1.000000082240371e-09,-20.72326583694641,0.48121182567763754,-20.72326583694641,1.000000082240371e-09,-6.827553307535864,,
27800,5.6819857915245456e-05,0.027407655492424965,1.000000082240371e-09,1.000000082240371e-09,-20.72326583694641,0.48121182567763754,-20.72326583694641,1.000000082240371e-09,-6.827553307535864,,
27900,5.621676791052278e-05,0.024511951953172684,1.000000082240371e-09,1.000000082240371e-09,-20.72326583694641,0.48121182567763754,-20.72326583694641,1.000000082240371e-09,-6.827553307535864,,
28000,5.564121975908969e-05,0.03172075375914574,1.000000082240371e-09,1.000000082240371e-09,-20.72326583694641,1.000000082240371e-09,-20.72326583694641,1.000000082240371e-09,-6.907755278315471,tensor(0.0273),1.0276485567388836
28100,5.50932859146832e-05,0.02267528511583805,1.000000082240371e-09,1.000000082240371e-09,-20.72326583694641,1.000000082240371e-09,-20.72326583694641,1.000000082240371e-09,-6.907755278315471,,
28200,5.457303535477202e-05,0.026380985975265503,1.000000082240371e-09,1.000000082240371e-09,-20.72326583694641,1.000000082240371e-09,-20.72326583694641,1.000000082240371e-09,-6.907755278315471,,
28300,5.408053357187336e-05,0.0245189405977726,1.000000082240371e-09,1.000000082240371e-09,-20.72326583694641,1.000000082240371e-09,-20.72326583694641,1.000000082240371e-09,-6.907755278315471,,
28400,5.361584256530833e-05,0.024967921897768974,1.000000082240371e-09,1.000000082240371e-09,-20.72326583694641,1.000000082240371e-09,-20.72326583694641,1.000000082240371e-09,-6.907755278315471,,
28500,5.3179020833396925e-05,0.027415422722697258,1.000000082240371e-09,1.000000082240371e-09,-20.72326583694641,1.000000082240371e-09,-20.72326583694641,1.000000082240371e-09,-6.907755278315471,,
28600,5.277012336609403e-05,0.023038258776068687,1.000000082240371e-09,1.000000082240371e-09,-20.72326583694641,1.000000082240371e-09,-20.72326583694641,1.000000082240371e-09,-6.907755278315471,,
28700,5.238920163806676e-05,0.03249070420861244,1.000000082240371e-09,1.000000082240371e-09,-20.72326583694641,1.000000082240371e-09,-20.72326583694641,1.000000082240371e-09,-6.907755278315471,,
28800,5.203630360221469e-05,0.021850628778338432,1.000000082240371e-09,1.000000082240371e-09,-20.72326583694641,1.000000082240371e-09,-20.72326583694641,1.000000082240371e-09,-6.907755278315471,,
28900,5.171147368363309e-05,0.026682458817958832,1.000000082240371e-09,1.000000082240371e-09,-20.72326583694641,1.000000082240371e-09,-20.72326583694641,1.000000082240371e-09,-6.907755278315471,,
29000,5.141475277402042e-05,0.026075929403305054,1.000000082240371e-09,1.000000082240371e-09,-20.72326583694641,1.000000082240371e-09,-20.72326583694641,1.000000082240371e-09,-6.907755278315471,tensor(0.0266),1.0269982367242148
29100,5.114617822653072e-05,0.02736123837530613,1.000000082240371e-09,1.000000082240371e-09,-20.72326583694641,1.000000082240371e-09,-20.72326583694641,1.000000082240371e-09,-6.907755278315471,,
29200,5.090578385107121e-05,0.02468758448958397,1.000000082240371e-09,1.000000082240371e-09,-20.72326583694641,1.000000082240371e-09,-20.72326583694641,1.000000082240371e-09,-6.907755278315471,,
29300,5.069359991004621e-05,0.025557542219758034,1.000000082240371e-09,1.000000082240371e-09,-20.72326583694641,1.000000082240371e-09,-20.72326583694641,1.000000082240371e-09,-6.907755278315471,,
29400,5.050965311454738e-05,0.027897994965314865,1.000000082240371e-09,1.000000082240371e-09,-20.72326583694641,1.000000082240371e-09,-20.72326583694641,1.000000082240371e-09,-6.907755278315471,,
29500,5.035396662099127e-05,0.021977117285132408,1.000000082240371e-09,1.000000082240371e-09,-20.72326583694641,1.000000082240371e-09,-20.72326583694641,1.000000082240371e-09,-6.907755278315471,,
29600,5.022656002820422e-05,0.027830181643366814,1.000000082240371e-09,1.000000082240371e-09,-20.72326583694641,1.000000082240371e-09,-20.72326583694641,1.000000082240371e-09,-6.907755278315471,,
29700,5.012744937495501e-05,0.028302377089858055,1.000000082240371e-09,1.000000082240371e-09,-20.72326583694641,1.000000082240371e-09,-20.72326583694641,1.000000082240371e-09,-6.907755278315471,,
29800,5.0056647137936035e-05,0.024750100448727608,1.000000082240371e-09,1.000000082240371e-09,-20.72326583694641,1.000000082240371e-09,-20.72326583694641,1.000000082240371e-09,-6.907755278315471,,
29900,5.001416223019237e-05,0.02497648075222969,1.000000082240371e-09,1.000000082240371e-09,-20.72326583694641,1.000000082240371e-09,-20.72326583694641,1.000000082240371e-09,-6.907755278315471,,
29999,5.000000141623788e-05,0.02526031620800495,1.000000082240371e-09,1.000000082240371e-09,-20.72326583694641,0.48121182567763754,-20.72326583694641,1.000000082240371e-09,-6.827553307535864,tensor(0.0269),1.0272986609185037
